,Year,freedom_house_score,alpha3,join_flg
0,1990,14,AFG,True
1,1990,13,ALB,True
2,1990,8,DZA,True
3,1990,14,AGO,True
4,1990,5,ATG,True
5,1990,4,ARG,True
10,1990,10,BGD,True
11,1990,2,BRB,True
13,1990,3,BLZ,True
14,1990,10,BEN,True
15,1990,11,BTN,True
16,1990,5,BOL,True
17,1990,3,BWA,True
18,1990,5,BRA,True
20,1990,7,BGR,True
21,1990,11,BFA,True
22,1990,13,BDI,True
23,1990,10,CPV,True
24,1990,14,KHM,True
25,1990,12,CMR,True
29,1990,4,CHL,True
30,1990,14,CHN,True
31,1990,7,COL,True
32,1990,10,COM,True
33,1990,12,COD,True
35,1990,2,CRI,True
36,1990,10,CIV,True
37,1990,14,CUB,True
41,1990,11,DJI,True
42,1990,3,DMA,True
43,1990,5,DOM,True
44,1990,4,ECU,True
45,1990,9,EGY,True
46,1990,7,SLV,True
48,1990,11,SWZ,True
49,1990,14,ETH,True
50,1990,10,FJI,True
53,1990,8,GAB,True
55,1990,11,GHA,True
57,1990,4,GRD,True
58,1990,7,GTM,True
59,1990,11,GIN,True
60,1990,11,GNB,True
61,1990,9,GUY,True
62,1990,8,HTI,True
63,1990,5,HND,True
66,1990,5,IND,True
67,1990,11,IDN,True
68,1990,11,IRN,True
69,1990,14,IRQ,True
73,1990,4,JAM,True
75,1990,10,JOR,True
76,1990,12,KEN,True
77,1990,3,KIR,True
79,1990,13,LAO,True
80,1990,11,LBN,True
81,1990,11,LSO,True
82,1990,14,LBR,True
85,1990,8,MDG,True
86,1990,13,MWI,True
87,1990,9,MYS,True
88,1990,11,MDV,True
89,1990,11,MLI,True
91,1990,13,MRT,True
92,1990,4,MUS,True
93,1990,8,MEX,True
94,1990,8,MNG,True
95,1990,8,MAR,True
96,1990,12,MOZ,True
97,1990,14,MMR,True
98,1990,5,NAM,True
100,1990,8,NPL,True
103,1990,6,NIC,True
104,1990,11,NER,True
105,1990,10,NGA,True
109,1990,8,PAK,True
110,1990,6,PAN,True
111,1990,5,PNG,True
112,1990,7,PRY,True
113,1990,7,PER,True
114,1990,6,PHL,True
115,1990,4,POL,True
118,1990,11,ROU,True
119,1990,12,RWA,True
120,1990,4,WSM,True
122,1990,13,SAU,True
123,1990,7,SEN,True
124,1990,12,SYC,True
125,1990,11,SLE,True
127,1990,2,SLB,True
129,1990,9,ZAF,True
132,1990,9,LKA,True
133,1990,2,KNA,True
134,1990,3,LCA,True
135,1990,3,VCT,True
136,1990,14,SDN,True
137,1990,10,SUR,True
142,1990,11,TZA,True
143,1990,5,THA,True
144,1990,4,GMB,True
145,1990,12,TGO,True
146,1990,6,TON,True
148,1990,9,TUN,True
150,1990,2,TUV,True
151,1990,11,UGA,True
157,1990,5,VUT,True
159,1990,14,VNM,True
162,1990,11,ZMB,True
163,1990,10,ZWE,True
164,1991,14,AFG,True
165,1991,8,ALB,True
166,1991,8,DZA,True
167,1991,10,AGO,True
168,1991,6,ATG,True
169,1991,4,ARG,True
170,1991,10,ARM,True
173,1991,10,AZE,True
176,1991,5,BGD,True
177,1991,2,BRB,True
180,1991,2,BLZ,True
181,1991,5,BEN,True
182,1991,11,BTN,True
183,1991,5,BOL,True
184,1991,3,BWA,True
185,1991,5,BRA,True
187,1991,5,BGR,True
188,1991,11,BFA,True
189,1991,13,BDI,True
190,1991,5,CPV,True
191,1991,12,KHM,True
192,1991,12,CMR,True
196,1991,4,CHL,True
197,1991,14,CHN,True
198,1991,6,COL,True
199,1991,7,COM,True
200,1991,10,COD,True
202,1991,2,CRI,True
203,1991,10,CIV,True
204,1991,7,HRV,True
205,1991,14,CUB,True
209,1991,11,DJI,True
210,1991,3,DMA,True
211,1991,5,DOM,True
212,1991,5,ECU,True
213,1991,10,EGY,True
214,1991,7,SLV,True
217,1991,11,SWZ,True
218,1991,11,ETH,True
219,1991,10,FJI,True
222,1991,7,GAB,True
223,1991,11,GEO,True
225,1991,12,GHA,True
227,1991,3,GRD,True
228,1991,8,GTM,True
229,1991,11,GIN,True
230,1991,11,GNB,True
231,1991,9,GUY,True
232,1991,14,HTI,True
233,1991,5,HND,True
236,1991,7,IND,True
237,1991,11,IDN,True
238,1991,11,IRN,True
239,1991,14,IRQ,True
243,1991,4,JAM,True
245,1991,8,JOR,True
246,1991,9,KAZ,True
247,1991,12,KEN,True
248,1991,3,KIR,True
250,1991,9,KGZ,True
251,1991,13,LAO,True
253,1991,10,LBN,True
254,1991,10,LSO,True
255,1991,13,LBR,True
259,1991,8,MDG,True
260,1991,13,MWI,True
261,1991,9,MYS,True
262,1991,11,MDV,True
263,1991,10,MLI,True
265,1991,2,MHL,True
266,1991,13,MRT,True
267,1991,3,MUS,True
268,1991,8,MEX,True
269,1991,2,FSM,True
270,1991,9,MDA,True
271,1991,5,MNG,True
272,1991,10,MAR,True
273,1991,10,MOZ,True
274,1991,14,MMR,True
275,1991,5,NAM,True
277,1991,5,NPL,True
280,1991,6,NIC,True
281,1991,11,NER,True
282,1991,9,NGA,True
286,1991,9,PAK,True
287,1991,6,PAN,True
288,1991,5,PNG,True
289,1991,6,PRY,True
290,1991,8,PER,True
291,1991,6,PHL,True
292,1991,4,POL,True
295,1991,10,ROU,True
297,1991,12,RWA,True
298,1991,4,WSM,True
300,1991,13,SAU,True
301,1991,7,SEN,True
302,1991,12,SYC,True
303,1991,11,SLE,True
306,1991,2,SLB,True
308,1991,9,ZAF,True
311,1991,9,LKA,True
312,1991,2,KNA,True
313,1991,3,LCA,True
314,1991,3,VCT,True
315,1991,14,SDN,True
316,1991,8,SUR,True
321,1991,10,TJK,True
322,1991,11,TZA,True
323,1991,10,THA,True
324,1991,4,GMB,True
325,1991,11,TGO,True
326,1991,6,TON,True
328,1991,10,TUN,True
331,1991,2,TUV,True
332,1991,12,UGA,True
333,1991,6,UKR,True
338,1991,11,UZB,True
339,1991,5,VUT,True
341,1991,14,VNM,True
344,1991,5,ZMB,True
345,1991,9,ZWE,True
346,1992,12,AFG,True
347,1992,7,ALB,True
348,1992,13,DZA,True
349,1992,12,AGO,True
350,1992,6,ATG,True
351,1992,5,ARG,True
352,1992,7,ARM,True
355,1992,10,AZE,True
358,1992,5,BGD,True
359,1992,2,BRB,True
362,1992,2,BLZ,True
363,1992,5,BEN,True
364,1992,13,BTN,True
365,1992,5,BOL,True
366,1992,12,BIH,True
367,1992,3,BWA,True
368,1992,5,BRA,True
370,1992,5,BGR,True
371,1992,10,BFA,True
372,1992,11,BDI,True
373,1992,3,CPV,True
374,1992,12,KHM,True
375,1992,11,CMR,True
379,1992,4,CHL,True
380,1992,14,CHN,True
381,1992,6,COL,True
382,1992,6,COM,True
383,1992,6,COD,True
385,1992,2,CRI,True
386,1992,10,CIV,True
387,1992,8,HRV,True
388,1992,14,CUB,True
392,1992,12,DJI,True
393,1992,3,DMA,True
394,1992,5,DOM,True
395,1992,5,ECU,True
396,1992,11,EGY,True
397,1992,6,SLV,True
400,1992,11,SWZ,True
401,1992,10,ETH,True
402,1992,7,FJI,True
405,1992,8,GAB,True
406,1992,9,GEO,True
408,1992,10,GHA,True
410,1992,3,GRD,True
411,1992,9,GTM,True
412,1992,11,GIN,True
413,1992,11,GNB,True
414,1992,6,GUY,True
415,1992,14,HTI,True
416,1992,5,HND,True
419,1992,7,IND,True
420,1992,11,IDN,True
421,1992,12,IRN,True
422,1992,14,IRQ,True
426,1992,4,JAM,True
428,1992,6,JOR,True
429,1992,10,KAZ,True
430,1992,9,KEN,True
431,1992,3,KIR,True
433,1992,6,KGZ,True
434,1992,13,LAO,True
436,1992,9,LBN,True
437,1992,10,LSO,True
438,1992,13,LBR,True
443,1992,8,MDG,True
444,1992,13,MWI,True
445,1992,9,MYS,True
446,1992,11,MDV,True
447,1992,5,MLI,True
449,1992,2,MHL,True
450,1992,13,MRT,True
451,1992,4,MUS,True
452,1992,7,MEX,True
453,1992,2,FSM,True
454,1992,10,MDA,True
455,1992,5,MNG,True
456,1992,11,MAR,True
457,1992,10,MOZ,True
458,1992,14,MMR,True
459,1992,4,NAM,True
461,1992,5,NPL,True
464,1992,7,NIC,True
465,1992,9,NER,True
466,1992,9,NGA,True
468,1992,7,MKD,True
471,1992,9,PAK,True
472,1992,7,PAN,True
473,1992,5,PNG,True
474,1992,6,PRY,True
475,1992,11,PER,True
476,1992,6,PHL,True
477,1992,4,POL,True
480,1992,8,ROU,True
482,1992,11,RWA,True
483,1992,4,WSM,True
486,1992,14,SAU,True
487,1992,7,SEN,True
488,1992,10,SYC,True
489,1992,13,SLE,True
492,1992,2,SLB,True
494,1992,9,ZAF,True
497,1992,9,LKA,True
498,1992,2,KNA,True
499,1992,3,LCA,True
500,1992,3,VCT,True
501,1992,14,SDN,True
502,1992,6,SUR,True
507,1992,12,TJK,True
508,1992,11,TZA,True
509,1992,7,THA,True
510,1992,3,GMB,True
511,1992,11,TGO,True
512,1992,6,TON,True
514,1992,11,TUN,True
517,1992,2,TUV,True
518,1992,11,UGA,True
519,1992,6,UKR,True
524,1992,12,UZB,True
525,1992,5,VUT,True
527,1992,14,VNM,True
530,1992,5,ZMB,True
531,1992,9,ZWE,True
532,1993,14,AFG,True
533,1993,6,ALB,True
534,1993,13,DZA,True
536,1993,14,AGO,True
537,1993,7,ATG,True
538,1993,5,ARG,True
539,1993,7,ARM,True
542,1993,12,AZE,True
545,1993,6,BGD,True
546,1993,2,BRB,True
549,1993,2,BLZ,True
550,1993,5,BEN,True
551,1993,14,BTN,True
552,1993,5,BOL,True
553,1993,12,BIH,True
554,1993,5,BWA,True
555,1993,7,BRA,True
557,1993,4,BGR,True
558,1993,9,BFA,True
559,1993,14,BDI,True
560,1993,3,CPV,True
561,1993,9,KHM,True
562,1993,11,CMR,True
566,1993,4,CHL,True
567,1993,14,CHN,True
568,1993,6,COL,True
569,1993,8,COM,True
570,1993,6,COD,True
572,1993,3,CRI,True
573,1993,11,CIV,True
574,1993,8,HRV,True
575,1993,14,CUB,True
579,1993,12,DJI,True
580,1993,3,DMA,True
581,1993,6,DOM,True
582,1993,5,ECU,True
583,1993,12,EGY,True
584,1993,6,SLV,True
586,1993,11,ERI,True
588,1993,11,SWZ,True
589,1993,11,ETH,True
590,1993,7,FJI,True
593,1993,9,GAB,True
594,1993,10,GEO,True
596,1993,9,GHA,True
598,1993,3,GRD,True
599,1993,9,GTM,True
600,1993,11,GIN,True
601,1993,11,GNB,True
602,1993,4,GUY,True
603,1993,14,HTI,True
604,1993,6,HND,True
607,1993,8,IND,True
608,1993,13,IDN,True
609,1993,13,IRN,True
610,1993,14,IRQ,True
614,1993,5,JAM,True
616,1993,8,JOR,True
617,1993,10,KAZ,True
618,1993,11,KEN,True
619,1993,2,KIR,True
621,1993,8,KGZ,True
622,1993,13,LAO,True
624,1993,11,LBN,True
625,1993,7,LSO,True
626,1993,12,LBR,True
631,1993,6,MDG,True
632,1993,11,MWI,True
633,1993,9,MYS,True
634,1993,12,MDV,True
635,1993,5,MLI,True
637,1993,2,MHL,True
638,1993,13,MRT,True
639,1993,3,MUS,True
640,1993,8,MEX,True
641,1993,2,FSM,True
642,1993,10,MDA,True
644,1993,5,MNG,True
645,1993,10,MAR,True
646,1993,11,MOZ,True
647,1993,14,MMR,True
648,1993,5,NAM,True
650,1993,7,NPL,True
653,1993,9,NIC,True
654,1993,7,NER,True
655,1993,12,NGA,True
657,1993,6,MKD,True
660,1993,8,PAK,True
661,1993,6,PAN,True
662,1993,6,PNG,True
663,1993,6,PRY,True
664,1993,10,PER,True
665,1993,7,PHL,True
666,1993,4,POL,True
669,1993,8,ROU,True
671,1993,11,RWA,True
672,1993,4,WSM,True
675,1993,14,SAU,True
676,1993,9,SEN,True
677,1993,7,SYC,True
678,1993,13,SLE,True
680,1993,7,SVK,True
682,1993,3,SLB,True
684,1993,9,ZAF,True
687,1993,9,LKA,True
688,1993,2,KNA,True
689,1993,3,LCA,True
690,1993,2,VCT,True
691,1993,14,SDN,True
692,1993,6,SUR,True
697,1993,14,TJK,True
698,1993,11,TZA,True
699,1993,8,THA,True
700,1993,4,GMB,True
701,1993,12,TGO,True
702,1993,8,TON,True
704,1993,11,TUN,True
707,1993,2,TUV,True
708,1993,11,UGA,True
709,1993,8,UKR,True
714,1993,14,UZB,True
715,1993,3,VUT,True
717,1993,14,VNM,True
720,1993,7,ZMB,True
721,1993,10,ZWE,True
722,1994,14,AFG,True
723,1994,7,ALB,True
724,1994,14,DZA,True
726,1994,14,AGO,True
727,1994,7,ATG,True
728,1994,5,ARG,True
729,1994,7,ARM,True
732,1994,12,AZE,True
735,1994,6,BGD,True
736,1994,2,BRB,True
739,1994,2,BLZ,True
740,1994,5,BEN,True
741,1994,14,BTN,True
742,1994,5,BOL,True
743,1994,12,BIH,True
744,1994,5,BWA,True
745,1994,6,BRA,True
747,1994,4,BGR,True
748,1994,9,BFA,True
749,1994,13,BDI,True
750,1994,3,CPV,True
751,1994,9,KHM,True
752,1994,11,CMR,True
756,1994,4,CHL,True
757,1994,14,CHN,True
758,1994,7,COL,True
759,1994,8,COM,True
760,1994,8,COD,True
762,1994,3,CRI,True
763,1994,11,CIV,True
764,1994,8,HRV,True
765,1994,14,CUB,True
769,1994,12,DJI,True
770,1994,3,DMA,True
771,1994,7,DOM,True
772,1994,5,ECU,True
773,1994,12,EGY,True
774,1994,6,SLV,True
776,1994,11,ERI,True
778,1994,11,SWZ,True
779,1994,11,ETH,True
780,1994,7,FJI,True
783,1994,9,GAB,True
784,1994,10,GEO,True
786,1994,9,GHA,True
788,1994,3,GRD,True
789,1994,9,GTM,True
790,1994,11,GIN,True
791,1994,7,GNB,True
792,1994,4,GUY,True
793,1994,10,HTI,True
794,1994,6,HND,True
797,1994,8,IND,True
798,1994,13,IDN,True
799,1994,13,IRN,True
800,1994,14,IRQ,True
804,1994,5,JAM,True
806,1994,8,JOR,True
807,1994,11,KAZ,True
808,1994,12,KEN,True
809,1994,2,KIR,True
811,1994,7,KGZ,True
812,1994,13,LAO,True
814,1994,11,LBN,True
815,1994,8,LSO,True
816,1994,13,LBR,True
821,1994,6,MDG,True
822,1994,5,MWI,True
823,1994,9,MYS,True
824,1994,12,MDV,True
825,1994,6,MLI,True
827,1994,2,MHL,True
828,1994,14,MRT,True
829,1994,3,MUS,True
830,1994,8,MEX,True
831,1994,2,FSM,True
832,1994,8,MDA,True
834,1994,5,MNG,True
835,1994,10,MAR,True
836,1994,8,MOZ,True
837,1994,14,MMR,True
838,1994,5,NAM,True
840,1994,7,NPL,True
843,1994,9,NIC,True
844,1994,8,NER,True
845,1994,13,NGA,True
847,1994,7,MKD,True
850,1994,8,PAK,True
851,1994,3,PLW,True
852,1994,5,PAN,True
853,1994,6,PNG,True
854,1994,7,PRY,True
855,1994,9,PER,True
856,1994,7,PHL,True
857,1994,4,POL,True
860,1994,7,ROU,True
862,1994,14,RWA,True
863,1994,4,WSM,True
866,1994,14,SAU,True
867,1994,9,SEN,True
868,1994,7,SYC,True
869,1994,13,SLE,True
871,1994,5,SVK,True
873,1994,3,SLB,True
875,1994,5,ZAF,True
878,1994,9,LKA,True
879,1994,4,KNA,True
880,1994,3,LCA,True
881,1994,3,VCT,True
882,1994,14,SDN,True
883,1994,6,SUR,True
888,1994,14,TJK,True
889,1994,12,TZA,True
890,1994,8,THA,True
891,1994,13,GMB,True
892,1994,11,TGO,True
893,1994,8,TON,True
895,1994,11,TUN,True
898,1994,2,TUV,True
899,1994,10,UGA,True
900,1994,7,UKR,True
905,1994,14,UZB,True
906,1994,4,VUT,True
908,1994,14,VNM,True
911,1994,7,ZMB,True
912,1994,10,ZWE,True
913,1995,14,AFG,True
914,1995,7,ALB,True
915,1995,12,DZA,True
917,1995,12,AGO,True
918,1995,7,ATG,True
919,1995,5,ARG,True
920,1995,8,ARM,True
923,1995,12,AZE,True
926,1995,7,BGD,True
927,1995,2,BRB,True
930,1995,2,BLZ,True
931,1995,4,BEN,True
932,1995,14,BTN,True
933,1995,6,BOL,True
934,1995,12,BIH,True
935,1995,4,BWA,True
936,1995,6,BRA,True
938,1995,4,BGR,True
939,1995,9,BFA,True
940,1995,13,BDI,True
941,1995,3,CPV,True
942,1995,12,KHM,True
943,1995,12,CMR,True
947,1995,4,CHL,True
948,1995,14,CHN,True
949,1995,8,COL,True
950,1995,8,COM,True
951,1995,8,COD,True
953,1995,3,CRI,True
954,1995,11,CIV,True
955,1995,8,HRV,True
956,1995,14,CUB,True
960,1995,11,DJI,True
961,1995,2,DMA,True
962,1995,7,DOM,True
963,1995,5,ECU,True
964,1995,12,EGY,True
965,1995,6,SLV,True
967,1995,10,ERI,True
969,1995,11,SWZ,True
970,1995,9,ETH,True
971,1995,7,FJI,True
974,1995,9,GAB,True
975,1995,9,GEO,True
977,1995,8,GHA,True
979,1995,3,GRD,True
980,1995,9,GTM,True
981,1995,11,GIN,True
982,1995,7,GNB,True
983,1995,4,GUY,True
984,1995,10,HTI,True
985,1995,6,HND,True
988,1995,8,IND,True
989,1995,13,IDN,True
990,1995,13,IRN,True
991,1995,14,IRQ,True
995,1995,5,JAM,True
997,1995,8,JOR,True
998,1995,11,KAZ,True
999,1995,13,KEN,True
1000,1995,2,KIR,True
1002,1995,8,KGZ,True
1003,1995,13,LAO,True
1005,1995,11,LBN,True
1006,1995,8,LSO,True
1007,1995,13,LBR,True
1012,1995,6,MDG,True
1013,1995,5,MWI,True
1014,1995,9,MYS,True
1015,1995,12,MDV,True
1016,1995,5,MLI,True
1018,1995,2,MHL,True
1019,1995,12,MRT,True
1020,1995,3,MUS,True
1021,1995,8,MEX,True
1022,1995,2,FSM,True
1023,1995,8,MDA,True
1025,1995,5,MNG,True
1026,1995,10,MAR,True
1027,1995,7,MOZ,True
1028,1995,14,MMR,True
1029,1995,5,NAM,True
1031,1995,7,NPL,True
1034,1995,8,NIC,True
1035,1995,8,NER,True
1036,1995,14,NGA,True
1038,1995,7,MKD,True
1041,1995,8,PAK,True
1042,1995,3,PLW,True
1043,1995,5,PAN,True
1044,1995,6,PNG,True
1045,1995,7,PRY,True
1046,1995,9,PER,True
1047,1995,6,PHL,True
1048,1995,3,POL,True
1051,1995,7,ROU,True
1053,1995,13,RWA,True
1054,1995,4,WSM,True
1057,1995,14,SAU,True
1058,1995,9,SEN,True
1059,1995,6,SYC,True
1060,1995,13,SLE,True
1062,1995,5,SVK,True
1064,1995,3,SLB,True
1066,1995,3,ZAF,True
1069,1995,9,LKA,True
1070,1995,3,KNA,True
1071,1995,3,LCA,True
1072,1995,3,VCT,True
1073,1995,14,SDN,True
1074,1995,6,SUR,True
1079,1995,14,TJK,True
1080,1995,10,TZA,True
1081,1995,7,THA,True
1082,1995,13,GMB,True
1083,1995,11,TGO,True
1084,1995,8,TON,True
1086,1995,11,TUN,True
1089,1995,2,TUV,True
1090,1995,9,UGA,True
1091,1995,7,UKR,True
1096,1995,14,UZB,True
1097,1995,4,VUT,True
1099,1995,14,VNM,True
1102,1995,7,ZMB,True
1103,1995,10,ZWE,True
1104,1996,14,AFG,True
1105,1996,8,ALB,True
1106,1996,12,DZA,True
1108,1996,12,AGO,True
1109,1996,7,ATG,True
1110,1996,5,ARG,True
1111,1996,9,ARM,True
1114,1996,11,AZE,True
1117,1996,6,BGD,True
1118,1996,2,BRB,True
1121,1996,2,BLZ,True
1122,1996,4,BEN,True
1123,1996,14,BTN,True
1124,1996,5,BOL,True
1125,1996,10,BIH,True
1126,1996,4,BWA,True
1127,1996,6,BRA,True
1129,1996,5,BGR,True
1130,1996,9,BFA,True
1131,1996,14,BDI,True
1132,1996,3,CPV,True
1133,1996,12,KHM,True
1134,1996,12,CMR,True
1138,1996,4,CHL,True
1139,1996,14,CHN,True
1140,1996,8,COL,True
1141,1996,8,COM,True
1142,1996,8,COD,True
1144,1996,3,CRI,True
1145,1996,11,CIV,True
1146,1996,8,HRV,True
1147,1996,14,CUB,True
1151,1996,11,DJI,True
1152,1996,2,DMA,True
1153,1996,6,DOM,True
1154,1996,6,ECU,True
1155,1996,12,EGY,True
1156,1996,6,SLV,True
1158,1996,10,ERI,True
1160,1996,11,SWZ,True
1161,1996,9,ETH,True
1162,1996,7,FJI,True
1165,1996,9,GAB,True
1166,1996,8,GEO,True
1168,1996,7,GHA,True
1170,1996,3,GRD,True
1171,1996,7,GTM,True
1172,1996,11,GIN,True
1173,1996,7,GNB,True
1174,1996,4,GUY,True
1175,1996,9,HTI,True
1176,1996,6,HND,True
1179,1996,6,IND,True
1180,1996,12,IDN,True
1181,1996,13,IRN,True
1182,1996,14,IRQ,True
1186,1996,5,JAM,True
1188,1996,8,JOR,True
1189,1996,11,KAZ,True
1190,1996,13,KEN,True
1191,1996,2,KIR,True
1193,1996,8,KGZ,True
1194,1996,13,LAO,True
1196,1996,11,LBN,True
1197,1996,8,LSO,True
1198,1996,13,LBR,True
1203,1996,6,MDG,True
1204,1996,5,MWI,True
1205,1996,9,MYS,True
1206,1996,12,MDV,True
1207,1996,4,MLI,True
1209,1996,2,MHL,True
1210,1996,12,MRT,True
1211,1996,3,MUS,True
1212,1996,7,MEX,True
1213,1996,2,FSM,True
1214,1996,7,MDA,True
1216,1996,5,MNG,True
1217,1996,10,MAR,True
1218,1996,7,MOZ,True
1219,1996,14,MMR,True
1220,1996,5,NAM,True
1222,1996,7,NPL,True
1225,1996,6,NIC,True
1226,1996,12,NER,True
1227,1996,13,NGA,True
1229,1996,7,MKD,True
1232,1996,9,PAK,True
1233,1996,3,PLW,True
1234,1996,5,PAN,True
1235,1996,6,PNG,True
1236,1996,7,PRY,True
1237,1996,7,PER,True
1238,1996,5,PHL,True
1239,1996,3,POL,True
1242,1996,5,ROU,True
1244,1996,13,RWA,True
1245,1996,4,WSM,True
1248,1996,14,SAU,True
1249,1996,8,SEN,True
1250,1996,6,SYC,True
1251,1996,9,SLE,True
1253,1996,6,SVK,True
1255,1996,3,SLB,True
1257,1996,3,ZAF,True
1260,1996,8,LKA,True
1261,1996,3,KNA,True
1262,1996,3,LCA,True
1263,1996,3,VCT,True
1264,1996,14,SDN,True
1265,1996,6,SUR,True
1270,1996,14,TJK,True
1271,1996,10,TZA,True
1272,1996,6,THA,True
1273,1996,13,GMB,True
1274,1996,11,TGO,True
1275,1996,8,TON,True
1277,1996,11,TUN,True
1280,1996,2,TUV,True
1281,1996,8,UGA,True
1282,1996,7,UKR,True
1287,1996,13,UZB,True
1288,1996,4,VUT,True
1290,1996,14,VNM,True
1293,1996,9,ZMB,True
1294,1996,10,ZWE,True
1295,1997,14,AFG,True
1296,1997,8,ALB,True
1297,1997,12,DZA,True
1299,1997,12,AGO,True
1300,1997,7,ATG,True
1301,1997,5,ARG,True
1302,1997,9,ARM,True
1305,1997,10,AZE,True
1308,1997,6,BGD,True
1309,1997,2,BRB,True
1312,1997,2,BLZ,True
1313,1997,4,BEN,True
1314,1997,14,BTN,True
1315,1997,4,BOL,True
1316,1997,10,BIH,True
1317,1997,4,BWA,True
1318,1997,7,BRA,True
1320,1997,5,BGR,True
1321,1997,9,BFA,True
1322,1997,14,BDI,True
1323,1997,3,CPV,True
1324,1997,13,KHM,True
1325,1997,12,CMR,True
1329,1997,4,CHL,True
1330,1997,14,CHN,True
1331,1997,8,COL,True
1332,1997,9,COM,True
1333,1997,12,COD,True
1335,1997,3,CRI,True
1336,1997,10,CIV,True
1337,1997,8,HRV,True
1338,1997,14,CUB,True
1342,1997,11,DJI,True
1343,1997,2,DMA,True
1344,1997,6,DOM,True
1345,1997,6,ECU,True
1346,1997,12,EGY,True
1347,1997,5,SLV,True
1349,1997,10,ERI,True
1351,1997,11,SWZ,True
1352,1997,9,ETH,True
1353,1997,7,FJI,True
1356,1997,9,GAB,True
1357,1997,7,GEO,True
1359,1997,6,GHA,True
1361,1997,3,GRD,True
1362,1997,7,GTM,True
1363,1997,11,GIN,True
1364,1997,7,GNB,True
1365,1997,4,GUY,True
1366,1997,9,HTI,True
1367,1997,5,HND,True
1370,1997,6,IND,True
1371,1997,12,IDN,True
1372,1997,13,IRN,True
1373,1997,14,IRQ,True
1377,1997,5,JAM,True
1379,1997,8,JOR,True
1380,1997,11,KAZ,True
1381,1997,12,KEN,True
1382,1997,2,KIR,True
1384,1997,8,KGZ,True
1385,1997,13,LAO,True
1387,1997,11,LBN,True
1388,1997,8,LSO,True
1389,1997,9,LBR,True
1394,1997,6,MDG,True
1395,1997,5,MWI,True
1396,1997,9,MYS,True
1397,1997,12,MDV,True
1398,1997,6,MLI,True
1400,1997,2,MHL,True
1401,1997,12,MRT,True
1402,1997,3,MUS,True
1403,1997,7,MEX,True
1404,1997,3,FSM,True
1405,1997,7,MDA,True
1407,1997,5,MNG,True
1408,1997,10,MAR,True
1409,1997,7,MOZ,True
1410,1997,14,MMR,True
1411,1997,5,NAM,True
1413,1997,7,NPL,True
1416,1997,6,NIC,True
1417,1997,12,NER,True
1418,1997,13,NGA,True
1420,1997,7,MKD,True
1423,1997,9,PAK,True
1424,1997,3,PLW,True
1425,1997,5,PAN,True
1426,1997,6,PNG,True
1427,1997,7,PRY,True
1428,1997,9,PER,True
1429,1997,5,PHL,True
1430,1997,3,POL,True
1433,1997,4,ROU,True
1435,1997,13,RWA,True
1436,1997,4,WSM,True
1439,1997,14,SAU,True
1440,1997,8,SEN,True
1441,1997,6,SYC,True
1442,1997,13,SLE,True
1444,1997,6,SVK,True
1446,1997,3,SLB,True
1448,1997,3,ZAF,True
1451,1997,7,LKA,True
1452,1997,3,KNA,True
1453,1997,3,LCA,True
1454,1997,3,VCT,True
1455,1997,14,SDN,True
1456,1997,6,SUR,True
1461,1997,12,TJK,True
1462,1997,10,TZA,True
1463,1997,6,THA,True
1464,1997,13,GMB,True
1465,1997,11,TGO,True
1466,1997,8,TON,True
1468,1997,11,TUN,True
1471,1997,2,TUV,True
1472,1997,8,UGA,True
1473,1997,7,UKR,True
1478,1997,13,UZB,True
1479,1997,4,VUT,True
1481,1997,14,VNM,True
1484,1997,9,ZMB,True
1485,1997,10,ZWE,True
1486,1998,14,AFG,True
1487,1998,9,ALB,True
1488,1998,11,DZA,True
1490,1998,12,AGO,True
1491,1998,7,ATG,True
1492,1998,6,ARG,True
1493,1998,8,ARM,True
1496,1998,10,AZE,True
1499,1998,6,BGD,True
1500,1998,2,BRB,True
1503,1998,2,BLZ,True
1504,1998,4,BEN,True
1505,1998,13,BTN,True
1506,1998,4,BOL,True
1507,1998,10,BIH,True
1508,1998,4,BWA,True
1509,1998,7,BRA,True
1511,1998,5,BGR,True
1512,1998,9,BFA,True
1513,1998,13,BDI,True
1514,1998,3,CPV,True
1515,1998,12,KHM,True
1516,1998,12,CMR,True
1520,1998,5,CHL,True
1521,1998,13,CHN,True
1522,1998,7,COL,True
1523,1998,9,COM,True
1524,1998,12,COD,True
1526,1998,3,CRI,True
1527,1998,10,CIV,True
1528,1998,8,HRV,True
1529,1998,14,CUB,True
1533,1998,11,DJI,True
1534,1998,2,DMA,True
1535,1998,5,DOM,True
1536,1998,5,ECU,True
1537,1998,12,EGY,True
1538,1998,5,SLV,True
1540,1998,10,ERI,True
1542,1998,10,SWZ,True
1543,1998,8,ETH,True
1544,1998,7,FJI,True
1547,1998,9,GAB,True
1548,1998,7,GEO,True
1550,1998,6,GHA,True
1552,1998,3,GRD,True
1553,1998,7,GTM,True
1554,1998,11,GIN,True
1555,1998,8,GNB,True
1556,1998,4,GUY,True
1557,1998,10,HTI,True
1558,1998,5,HND,True
1561,1998,5,IND,True
1562,1998,10,IDN,True
1563,1998,12,IRN,True
1564,1998,14,IRQ,True
1568,1998,4,JAM,True
1570,1998,9,JOR,True
1571,1998,11,KAZ,True
1572,1998,11,KEN,True
1573,1998,2,KIR,True
1575,1998,10,KGZ,True
1576,1998,13,LAO,True
1578,1998,11,LBN,True
1579,1998,8,LSO,True
1580,1998,9,LBR,True
1585,1998,6,MDG,True
1586,1998,5,MWI,True
1587,1998,10,MYS,True
1588,1998,11,MDV,True
1589,1998,6,MLI,True
1591,1998,2,MHL,True
1592,1998,11,MRT,True
1593,1998,3,MUS,True
1594,1998,7,MEX,True
1595,1998,3,FSM,True
1596,1998,6,MDA,True
1598,1998,5,MNG,True
1599,1998,9,MAR,True
1600,1998,7,MOZ,True
1601,1998,14,MMR,True
1602,1998,5,NAM,True
1604,1998,7,NPL,True
1607,1998,5,NIC,True
1608,1998,12,NER,True
1609,1998,10,NGA,True
1611,1998,6,MKD,True
1614,1998,9,PAK,True
1615,1998,3,PLW,True
1616,1998,5,PAN,True
1617,1998,5,PNG,True
1618,1998,7,PRY,True
1619,1998,9,PER,True
1620,1998,5,PHL,True
1621,1998,3,POL,True
1624,1998,4,ROU,True
1626,1998,13,RWA,True
1627,1998,5,WSM,True
1630,1998,14,SAU,True
1631,1998,8,SEN,True
1632,1998,6,SYC,True
1633,1998,8,SLE,True
1635,1998,4,SVK,True
1637,1998,3,SLB,True
1639,1998,3,ZAF,True
1642,1998,7,LKA,True
1643,1998,3,KNA,True
1644,1998,3,LCA,True
1645,1998,3,VCT,True
1646,1998,14,SDN,True
1647,1998,6,SUR,True
1652,1998,12,TJK,True
1653,1998,9,TZA,True
1654,1998,5,THA,True
1655,1998,12,GMB,True
1656,1998,11,TGO,True
1657,1998,8,TON,True
1659,1998,11,TUN,True
1662,1998,2,TUV,True
1663,1998,8,UGA,True
1664,1998,7,UKR,True
1669,1998,13,UZB,True
1670,1998,4,VUT,True
1672,1998,14,VNM,True
1675,1998,9,ZMB,True
1676,1998,10,ZWE,True
1677,1999,14,AFG,True
1678,1999,9,ALB,True
1679,1999,11,DZA,True
1681,1999,12,AGO,True
1682,1999,7,ATG,True
1683,1999,5,ARG,True
1684,1999,8,ARM,True
1687,1999,10,AZE,True
1690,1999,7,BGD,True
1691,1999,2,BRB,True
1694,1999,2,BLZ,True
1695,1999,5,BEN,True
1696,1999,13,BTN,True
1697,1999,4,BOL,True
1698,1999,10,BIH,True
1699,1999,4,BWA,True
1700,1999,7,BRA,True
1702,1999,5,BGR,True
1703,1999,8,BFA,True
1704,1999,12,BDI,True
1705,1999,3,CPV,True
1706,1999,12,KHM,True
1707,1999,13,CMR,True
1711,1999,4,CHL,True
1712,1999,13,CHN,True
1713,1999,8,COL,True
1714,1999,10,COM,True
1715,1999,11,COD,True
1717,1999,3,CRI,True
1718,1999,11,CIV,True
1719,1999,8,HRV,True
1720,1999,14,CUB,True
1724,1999,10,DJI,True
1725,1999,2,DMA,True
1726,1999,5,DOM,True
1727,1999,5,ECU,True
1728,1999,11,EGY,True
1729,1999,5,SLV,True
1731,1999,12,ERI,True
1733,1999,11,SWZ,True
1734,1999,10,ETH,True
1735,1999,5,FJI,True
1738,1999,9,GAB,True
1739,1999,7,GEO,True
1741,1999,6,GHA,True
1743,1999,3,GRD,True
1744,1999,7,GTM,True
1745,1999,11,GIN,True
1746,1999,8,GNB,True
1747,1999,4,GUY,True
1748,1999,10,HTI,True
1749,1999,6,HND,True
1752,1999,5,IND,True
1753,1999,8,IDN,True
1754,1999,12,IRN,True
1755,1999,14,IRQ,True
1759,1999,4,JAM,True
1761,1999,8,JOR,True
1762,1999,11,KAZ,True
1763,1999,11,KEN,True
1764,1999,2,KIR,True
1766,1999,10,KGZ,True
1767,1999,13,LAO,True
1769,1999,11,LBN,True
1770,1999,8,LSO,True
1771,1999,9,LBR,True
1776,1999,6,MDG,True
1777,1999,6,MWI,True
1778,1999,10,MYS,True
1779,1999,11,MDV,True
1780,1999,6,MLI,True
1782,1999,2,MHL,True
1783,1999,11,MRT,True
1784,1999,3,MUS,True
1785,1999,7,MEX,True
1786,1999,3,FSM,True
1787,1999,6,MDA,True
1789,1999,5,MNG,True
1790,1999,9,MAR,True
1791,1999,7,MOZ,True
1792,1999,14,MMR,True
1793,1999,5,NAM,True
1795,1999,7,NPL,True
1798,1999,6,NIC,True
1799,1999,10,NER,True
1800,1999,7,NGA,True
1802,1999,6,MKD,True
1805,1999,12,PAK,True
1806,1999,3,PLW,True
1807,1999,3,PAN,True
1808,1999,5,PNG,True
1809,1999,7,PRY,True
1810,1999,9,PER,True
1811,1999,5,PHL,True
1812,1999,3,POL,True
1815,1999,4,ROU,True
1817,1999,13,RWA,True
1818,1999,4,WSM,True
1821,1999,14,SAU,True
1822,1999,8,SEN,True
1823,1999,6,SYC,True
1824,1999,8,SLE,True
1826,1999,3,SVK,True
1828,1999,3,SLB,True
1830,1999,3,ZAF,True
1833,1999,7,LKA,True
1834,1999,3,KNA,True
1835,1999,3,LCA,True
1836,1999,3,VCT,True
1837,1999,14,SDN,True
1838,1999,6,SUR,True
1843,1999,12,TJK,True
1844,1999,8,TZA,True
1845,1999,5,THA,True
1846,1999,12,GMB,True
1847,1999,10,TLS,True
1848,1999,10,TGO,True
1849,1999,8,TON,True
1851,1999,11,TUN,True
1854,1999,2,TUV,True
1855,1999,10,UGA,True
1856,1999,7,UKR,True
1861,1999,13,UZB,True
1862,1999,4,VUT,True
1864,1999,14,VNM,True
1867,1999,9,ZMB,True
1868,1999,11,ZWE,True
1869,2000,14,AFG,True
1870,2000,9,ALB,True
1871,2000,11,DZA,True
1873,2000,12,AGO,True
1874,2000,6,ATG,True
1875,2000,3,ARG,True
1876,2000,8,ARM,True
1879,2000,11,AZE,True
1882,2000,7,BGD,True
1883,2000,2,BRB,True
1886,2000,2,BLZ,True
1887,2000,4,BEN,True
1888,2000,13,BTN,True
1889,2000,4,BOL,True
1890,2000,9,BIH,True
1891,2000,4,BWA,True
1892,2000,6,BRA,True
1894,2000,5,BGR,True
1895,2000,8,BFA,True
1896,2000,12,BDI,True
1897,2000,3,CPV,True
1898,2000,12,KHM,True
1899,2000,13,CMR,True
1903,2000,4,CHL,True
1904,2000,13,CHN,True
1905,2000,8,COL,True
1906,2000,10,COM,True
1907,2000,10,COD,True
1909,2000,3,CRI,True
1910,2000,11,CIV,True
1911,2000,5,HRV,True
1912,2000,14,CUB,True
1916,2000,9,DJI,True
1917,2000,2,DMA,True
1918,2000,4,DOM,True
1919,2000,6,ECU,True
1920,2000,11,EGY,True
1921,2000,5,SLV,True
1923,2000,12,ERI,True
1925,2000,11,SWZ,True
1926,2000,10,ETH,True
1927,2000,9,FJI,True
1930,2000,9,GAB,True
1931,2000,8,GEO,True
1933,2000,5,GHA,True
1935,2000,3,GRD,True
1936,2000,7,GTM,True
1937,2000,11,GIN,True
1938,2000,9,GNB,True
1939,2000,4,GUY,True
1940,2000,11,HTI,True
1941,2000,6,HND,True
1944,2000,5,IND,True
1945,2000,7,IDN,True
1946,2000,12,IRN,True
1947,2000,14,IRQ,True
1951,2000,4,JAM,True
1953,2000,8,JOR,True
1954,2000,11,KAZ,True
1955,2000,11,KEN,True
1956,2000,2,KIR,True
1958,2000,11,KGZ,True
1959,2000,13,LAO,True
1961,2000,11,LBN,True
1962,2000,8,LSO,True
1963,2000,11,LBR,True
1968,2000,6,MDG,True
1969,2000,6,MWI,True
1970,2000,10,MYS,True
1971,2000,11,MDV,True
1972,2000,5,MLI,True
1974,2000,2,MHL,True
1975,2000,11,MRT,True
1976,2000,3,MUS,True
1977,2000,5,MEX,True
1978,2000,3,FSM,True
1979,2000,6,MDA,True
1981,2000,5,MNG,True
1982,2000,9,MAR,True
1983,2000,7,MOZ,True
1984,2000,14,MMR,True
1985,2000,5,NAM,True
1987,2000,7,NPL,True
1990,2000,6,NIC,True
1991,2000,8,NER,True
1992,2000,8,NGA,True
1994,2000,7,MKD,True
1997,2000,11,PAK,True
1998,2000,3,PLW,True
1999,2000,3,PAN,True
2000,2000,5,PNG,True
2001,2000,7,PRY,True
2002,2000,7,PER,True
2003,2000,5,PHL,True
2004,2000,3,POL,True
2007,2000,4,ROU,True
2009,2000,13,RWA,True
2010,2000,4,WSM,True
2013,2000,14,SAU,True
2014,2000,7,SEN,True
2015,2000,6,SYC,True
2016,2000,9,SLE,True
2018,2000,3,SVK,True
2020,2000,8,SLB,True
2022,2000,3,ZAF,True
2025,2000,7,LKA,True
2026,2000,3,KNA,True
2027,2000,3,LCA,True
2028,2000,3,VCT,True
2029,2000,14,SDN,True
2030,2000,3,SUR,True
2035,2000,12,TJK,True
2036,2000,8,TZA,True
2037,2000,5,THA,True
2038,2000,12,GMB,True
2039,2000,9,TLS,True
2040,2000,10,TGO,True
2041,2000,8,TON,True
2043,2000,11,TUN,True
2046,2000,2,TUV,True
2047,2000,11,UGA,True
2048,2000,8,UKR,True
2053,2000,13,UZB,True
2054,2000,4,VUT,True
2056,2000,13,VNM,True
2059,2000,9,ZMB,True
2060,2000,11,ZWE,True
2061,2001,14,AFG,True
2062,2001,7,ALB,True
2063,2001,11,DZA,True
2065,2001,12,AGO,True
2066,2001,6,ATG,True
2067,2001,6,ARG,True
2068,2001,8,ARM,True
2071,2001,11,AZE,True
2074,2001,7,BGD,True
2075,2001,2,BRB,True
2078,2001,3,BLZ,True
2079,2001,5,BEN,True
2080,2001,13,BTN,True
2081,2001,4,BOL,True
2082,2001,9,BIH,True
2083,2001,4,BWA,True
2084,2001,6,BRA,True
2086,2001,4,BGR,True
2087,2001,8,BFA,True
2088,2001,12,BDI,True
2089,2001,3,CPV,True
2090,2001,11,KHM,True
2091,2001,12,CMR,True
2095,2001,4,CHL,True
2096,2001,13,CHN,True
2097,2001,8,COL,True
2098,2001,10,COM,True
2099,2001,9,COD,True
2101,2001,3,CRI,True
2102,2001,9,CIV,True
2103,2001,4,HRV,True
2104,2001,14,CUB,True
2108,2001,9,DJI,True
2109,2001,2,DMA,True
2110,2001,4,DOM,True
2111,2001,6,ECU,True
2112,2001,12,EGY,True
2113,2001,5,SLV,True
2115,2001,13,ERI,True
2117,2001,11,SWZ,True
2118,2001,10,ETH,True
2119,2001,7,FJI,True
2122,2001,9,GAB,True
2123,2001,8,GEO,True
2125,2001,5,GHA,True
2127,2001,3,GRD,True
2128,2001,7,GTM,True
2129,2001,11,GIN,True
2130,2001,9,GNB,True
2131,2001,4,GUY,True
2132,2001,12,HTI,True
2133,2001,6,HND,True
2136,2001,5,IND,True
2137,2001,7,IDN,True
2138,2001,12,IRN,True
2139,2001,14,IRQ,True
2143,2001,5,JAM,True
2145,2001,10,JOR,True
2146,2001,11,KAZ,True
2147,2001,11,KEN,True
2148,2001,2,KIR,True
2150,2001,11,KGZ,True
2151,2001,13,LAO,True
2153,2001,11,LBN,True
2154,2001,8,LSO,True
2155,2001,12,LBR,True
2160,2001,6,MDG,True
2161,2001,7,MWI,True
2162,2001,10,MYS,True
2163,2001,11,MDV,True
2164,2001,5,MLI,True
2166,2001,2,MHL,True
2167,2001,10,MRT,True
2168,2001,3,MUS,True
2169,2001,5,MEX,True
2170,2001,3,FSM,True
2171,2001,6,MDA,True
2173,2001,5,MNG,True
2174,2001,10,MAR,True
2175,2001,7,MOZ,True
2176,2001,14,MMR,True
2177,2001,5,NAM,True
2179,2001,7,NPL,True
2182,2001,6,NIC,True
2183,2001,8,NER,True
2184,2001,9,NGA,True
2186,2001,8,MKD,True
2189,2001,11,PAK,True
2190,2001,3,PLW,True
2191,2001,3,PAN,True
2192,2001,5,PNG,True
2193,2001,7,PRY,True
2194,2001,4,PER,True
2195,2001,5,PHL,True
2196,2001,3,POL,True
2199,2001,4,ROU,True
2201,2001,13,RWA,True
2202,2001,4,WSM,True
2205,2001,14,SAU,True
2206,2001,7,SEN,True
2207,2001,6,SYC,True
2208,2001,9,SLE,True
2210,2001,3,SVK,True
2212,2001,8,SLB,True
2214,2001,3,ZAF,True
2217,2001,7,LKA,True
2218,2001,3,KNA,True
2219,2001,3,LCA,True
2220,2001,3,VCT,True
2221,2001,14,SDN,True
2222,2001,3,SUR,True
2227,2001,12,TJK,True
2228,2001,8,TZA,True
2229,2001,5,THA,True
2230,2001,10,GMB,True
2231,2001,8,TLS,True
2232,2001,10,TGO,True
2233,2001,8,TON,True
2235,2001,11,TUN,True
2238,2001,2,TUV,True
2239,2001,11,UGA,True
2240,2001,8,UKR,True
2245,2001,13,UZB,True
2246,2001,4,VUT,True
2248,2001,13,VNM,True
2251,2001,9,ZMB,True
2252,2001,12,ZWE,True
2253,2002,12,AFG,True
2254,2002,6,ALB,True
2255,2002,11,DZA,True
2257,2002,11,AGO,True
2258,2002,6,ATG,True
2259,2002,6,ARG,True
2260,2002,8,ARM,True
2263,2002,11,AZE,True
2266,2002,8,BGD,True
2267,2002,2,BRB,True
2270,2002,3,BLZ,True
2271,2002,5,BEN,True
2272,2002,11,BTN,True
2273,2002,5,BOL,True
2274,2002,8,BIH,True
2275,2002,4,BWA,True
2276,2002,5,BRA,True
2278,2002,3,BGR,True
2279,2002,8,BFA,True
2280,2002,11,BDI,True
2281,2002,3,CPV,True
2282,2002,11,KHM,True
2283,2002,12,CMR,True
2287,2002,3,CHL,True
2288,2002,13,CHN,True
2289,2002,8,COL,True
2290,2002,9,COM,True
2291,2002,10,COD,True
2293,2002,3,CRI,True
2294,2002,12,CIV,True
2295,2002,4,HRV,True
2296,2002,14,CUB,True
2300,2002,9,DJI,True
2301,2002,2,DMA,True
2302,2002,4,DOM,True
2303,2002,6,ECU,True
2304,2002,12,EGY,True
2305,2002,5,SLV,True
2307,2002,13,ERI,True
2309,2002,11,SWZ,True
2310,2002,10,ETH,True
2311,2002,7,FJI,True
2314,2002,9,GAB,True
2315,2002,8,GEO,True
2317,2002,5,GHA,True
2319,2002,3,GRD,True
2320,2002,8,GTM,True
2321,2002,11,GIN,True
2322,2002,9,GNB,True
2323,2002,4,GUY,True
2324,2002,12,HTI,True
2325,2002,6,HND,True
2328,2002,5,IND,True
2329,2002,7,IDN,True
2330,2002,12,IRN,True
2331,2002,14,IRQ,True
2335,2002,5,JAM,True
2337,2002,11,JOR,True
2338,2002,11,KAZ,True
2339,2002,8,KEN,True
2340,2002,2,KIR,True
2342,2002,11,KGZ,True
2343,2002,13,LAO,True
2345,2002,11,LBN,True
2346,2002,5,LSO,True
2347,2002,12,LBR,True
2352,2002,7,MDG,True
2353,2002,8,MWI,True
2354,2002,10,MYS,True
2355,2002,11,MDV,True
2356,2002,5,MLI,True
2358,2002,2,MHL,True
2359,2002,10,MRT,True
2360,2002,3,MUS,True
2361,2002,4,MEX,True
2362,2002,3,FSM,True
2363,2002,7,MDA,True
2365,2002,4,MNG,True
2366,2002,10,MAR,True
2367,2002,7,MOZ,True
2368,2002,14,MMR,True
2369,2002,5,NAM,True
2371,2002,8,NPL,True
2374,2002,6,NIC,True
2375,2002,8,NER,True
2376,2002,9,NGA,True
2378,2002,6,MKD,True
2381,2002,11,PAK,True
2382,2002,3,PLW,True
2383,2002,3,PAN,True
2384,2002,5,PNG,True
2385,2002,7,PRY,True
2386,2002,5,PER,True
2387,2002,5,PHL,True
2388,2002,3,POL,True
2391,2002,4,ROU,True
2393,2002,12,RWA,True
2394,2002,4,WSM,True
2397,2002,14,SAU,True
2398,2002,5,SEN,True
2399,2002,6,SYC,True
2400,2002,8,SLE,True
2402,2002,3,SVK,True
2404,2002,6,SLB,True
2406,2002,3,ZAF,True
2409,2002,7,LKA,True
2410,2002,3,KNA,True
2411,2002,3,LCA,True
2412,2002,3,VCT,True
2413,2002,14,SDN,True
2414,2002,3,SUR,True
2419,2002,11,TJK,True
2420,2002,7,TZA,True
2421,2002,5,THA,True
2422,2002,8,GMB,True
2423,2002,6,TLS,True
2424,2002,11,TGO,True
2425,2002,8,TON,True
2427,2002,11,TUN,True
2430,2002,2,TUV,True
2431,2002,10,UGA,True
2432,2002,8,UKR,True
2437,2002,13,UZB,True
2438,2002,3,VUT,True
2440,2002,13,VNM,True
2443,2002,8,ZMB,True
2444,2002,12,ZWE,True
2445,2003,12,AFG,True
2446,2003,6,ALB,True
2447,2003,11,DZA,True
2449,2003,11,AGO,True
2450,2003,6,ATG,True
2451,2003,4,ARG,True
2452,2003,8,ARM,True
2455,2003,11,AZE,True
2458,2003,8,BGD,True
2459,2003,2,BRB,True
2462,2003,3,BLZ,True
2463,2003,4,BEN,True
2464,2003,11,BTN,True
2465,2003,6,BOL,True
2466,2003,8,BIH,True
2467,2003,4,BWA,True
2468,2003,5,BRA,True
2470,2003,3,BGR,True
2471,2003,8,BFA,True
2472,2003,10,BDI,True
2473,2003,2,CPV,True
2474,2003,11,KHM,True
2475,2003,12,CMR,True
2479,2003,2,CHL,True
2480,2003,13,CHN,True
2481,2003,8,COL,True
2482,2003,9,COM,True
2483,2003,9,COD,True
2485,2003,3,CRI,True
2486,2003,11,CIV,True
2487,2003,4,HRV,True
2488,2003,14,CUB,True
2492,2003,10,DJI,True
2493,2003,2,DMA,True
2494,2003,5,DOM,True
2495,2003,6,ECU,True
2496,2003,12,EGY,True
2497,2003,5,SLV,True
2499,2003,13,ERI,True
2501,2003,12,SWZ,True
2502,2003,10,ETH,True
2503,2003,7,FJI,True
2506,2003,9,GAB,True
2507,2003,8,GEO,True
2509,2003,4,GHA,True
2511,2003,3,GRD,True
2512,2003,8,GTM,True
2513,2003,11,GIN,True
2514,2003,10,GNB,True
2515,2003,4,GUY,True
2516,2003,12,HTI,True
2517,2003,6,HND,True
2520,2003,5,IND,True
2521,2003,7,IDN,True
2522,2003,12,IRN,True
2523,2003,12,IRQ,True
2527,2003,5,JAM,True
2529,2003,10,JOR,True
2530,2003,11,KAZ,True
2531,2003,6,KEN,True
2532,2003,2,KIR,True
2534,2003,11,KGZ,True
2535,2003,13,LAO,True
2537,2003,11,LBN,True
2538,2003,5,LSO,True
2539,2003,12,LBR,True
2544,2003,6,MDG,True
2545,2003,7,MWI,True
2546,2003,9,MYS,True
2547,2003,11,MDV,True
2548,2003,4,MLI,True
2550,2003,2,MHL,True
2551,2003,11,MRT,True
2552,2003,3,MUS,True
2553,2003,4,MEX,True
2554,2003,2,FSM,True
2555,2003,7,MDA,True
2557,2003,4,MNG,True
2558,2003,10,MAR,True
2559,2003,7,MOZ,True
2560,2003,14,MMR,True
2561,2003,5,NAM,True
2563,2003,9,NPL,True
2566,2003,6,NIC,True
2567,2003,8,NER,True
2568,2003,8,NGA,True
2570,2003,6,MKD,True
2573,2003,11,PAK,True
2574,2003,2,PLW,True
2575,2003,3,PAN,True
2576,2003,6,PNG,True
2577,2003,6,PRY,True
2578,2003,5,PER,True
2579,2003,5,PHL,True
2580,2003,3,POL,True
2583,2003,4,ROU,True
2585,2003,11,RWA,True
2586,2003,4,WSM,True
2589,2003,14,SAU,True
2590,2003,5,SEN,True
2592,2003,6,SYC,True
2593,2003,7,SLE,True
2595,2003,3,SVK,True
2597,2003,6,SLB,True
2599,2003,3,ZAF,True
2602,2003,6,LKA,True
2603,2003,3,KNA,True
2604,2003,3,LCA,True
2605,2003,3,VCT,True
2606,2003,14,SDN,True
2607,2003,3,SUR,True
2612,2003,11,TJK,True
2613,2003,7,TZA,True
2614,2003,5,THA,True
2615,2003,8,GMB,True
2616,2003,6,TLS,True
2617,2003,11,TGO,True
2618,2003,8,TON,True
2620,2003,11,TUN,True
2623,2003,2,TUV,True
2624,2003,9,UGA,True
2625,2003,8,UKR,True
2630,2003,13,UZB,True
2631,2003,4,VUT,True
2633,2003,13,VNM,True
2635,2003,8,ZMB,True
2636,2003,12,ZWE,True
2637,2004,11,AFG,True
2638,2004,6,ALB,True
2639,2004,11,DZA,True
2641,2004,11,AGO,True
2642,2004,4,ATG,True
2643,2004,4,ARG,True
2644,2004,9,ARM,True
2647,2004,11,AZE,True
2650,2004,8,BGD,True
2651,2004,2,BRB,True
2654,2004,3,BLZ,True
2655,2004,4,BEN,True
2656,2004,11,BTN,True
2657,2004,6,BOL,True
2658,2004,7,BIH,True
2659,2004,4,BWA,True
2660,2004,5,BRA,True
2662,2004,3,BGR,True
2663,2004,9,BFA,True
2664,2004,10,BDI,True
2665,2004,2,CPV,True
2666,2004,11,KHM,True
2667,2004,12,CMR,True
2671,2004,2,CHL,True
2672,2004,13,CHN,True
2673,2004,8,COL,True
2674,2004,8,COM,True
2675,2004,9,COD,True
2677,2004,2,CRI,True
2678,2004,12,CIV,True
2679,2004,4,HRV,True
2680,2004,14,CUB,True
2684,2004,10,DJI,True
2685,2004,2,DMA,True
2686,2004,4,DOM,True
2687,2004,6,ECU,True
2688,2004,11,EGY,True
2689,2004,5,SLV,True
2691,2004,13,ERI,True
2693,2004,12,SWZ,True
2694,2004,10,ETH,True
2695,2004,7,FJI,True
2698,2004,9,GAB,True
2699,2004,7,GEO,True
2701,2004,4,GHA,True
2703,2004,3,GRD,True
2704,2004,8,GTM,True
2705,2004,11,GIN,True
2706,2004,8,GNB,True
2707,2004,4,GUY,True
2708,2004,13,HTI,True
2709,2004,6,HND,True
2712,2004,5,IND,True
2713,2004,7,IDN,True
2714,2004,12,IRN,True
2715,2004,12,IRQ,True
2719,2004,5,JAM,True
2721,2004,9,JOR,True
2722,2004,11,KAZ,True
2723,2004,6,KEN,True
2724,2004,2,KIR,True
2726,2004,11,KGZ,True
2727,2004,13,LAO,True
2729,2004,11,LBN,True
2730,2004,5,LSO,True
2731,2004,9,LBR,True
2736,2004,6,MDG,True
2737,2004,8,MWI,True
2738,2004,8,MYS,True
2739,2004,11,MDV,True
2740,2004,4,MLI,True
2742,2004,2,MHL,True
2743,2004,11,MRT,True
2744,2004,2,MUS,True
2745,2004,4,MEX,True
2746,2004,2,FSM,True
2747,2004,7,MDA,True
2749,2004,4,MNG,True
2750,2004,9,MAR,True
2751,2004,7,MOZ,True
2752,2004,14,MMR,True
2753,2004,5,NAM,True
2755,2004,10,NPL,True
2758,2004,6,NIC,True
2759,2004,6,NER,True
2760,2004,8,NGA,True
2762,2004,6,MKD,True
2765,2004,11,PAK,True
2766,2004,2,PLW,True
2767,2004,3,PAN,True
2768,2004,6,PNG,True
2769,2004,6,PRY,True
2770,2004,5,PER,True
2771,2004,5,PHL,True
2772,2004,2,POL,True
2775,2004,5,ROU,True
2777,2004,11,RWA,True
2778,2004,4,WSM,True
2781,2004,14,SAU,True
2782,2004,5,SEN,True
2784,2004,6,SYC,True
2785,2004,7,SLE,True
2787,2004,2,SVK,True
2789,2004,6,SLB,True
2791,2004,3,ZAF,True
2794,2004,6,LKA,True
2795,2004,3,KNA,True
2796,2004,3,LCA,True
2797,2004,3,VCT,True
2798,2004,14,SDN,True
2799,2004,3,SUR,True
2804,2004,11,TJK,True
2805,2004,7,TZA,True
2806,2004,5,THA,True
2807,2004,8,GMB,True
2808,2004,6,TLS,True
2809,2004,11,TGO,True
2810,2004,8,TON,True
2812,2004,11,TUN,True
2815,2004,2,TUV,True
2816,2004,9,UGA,True
2817,2004,7,UKR,True
2822,2004,13,UZB,True
2823,2004,4,VUT,True
2825,2004,13,VNM,True
2827,2004,8,ZMB,True
2828,2004,13,ZWE,True
2829,2005,10,AFG,True
2830,2005,6,ALB,True
2831,2005,11,DZA,True
2833,2005,11,AGO,True
2834,2005,4,ATG,True
2835,2005,4,ARG,True
2836,2005,9,ARM,True
2839,2005,11,AZE,True
2842,2005,8,BGD,True
2843,2005,2,BRB,True
2846,2005,3,BLZ,True
2847,2005,4,BEN,True
2848,2005,11,BTN,True
2849,2005,6,BOL,True
2850,2005,7,BIH,True
2851,2005,4,BWA,True
2852,2005,4,BRA,True
2854,2005,3,BGR,True
2855,2005,8,BFA,True
2856,2005,8,BDI,True
2857,2005,2,CPV,True
2858,2005,11,KHM,True
2859,2005,12,CMR,True
2863,2005,2,CHL,True
2864,2005,13,CHN,True
2865,2005,6,COL,True
2866,2005,8,COM,True
2867,2005,10,COD,True
2869,2005,2,CRI,True
2870,2005,12,CIV,True
2871,2005,4,HRV,True
2872,2005,14,CUB,True
2876,2005,10,DJI,True
2877,2005,2,DMA,True
2878,2005,4,DOM,True
2879,2005,6,ECU,True
2880,2005,11,EGY,True
2881,2005,5,SLV,True
2883,2005,13,ERI,True
2885,2005,12,SWZ,True
2886,2005,10,ETH,True
2887,2005,7,FJI,True
2890,2005,10,GAB,True
2891,2005,6,GEO,True
2893,2005,3,GHA,True
2895,2005,3,GRD,True
2896,2005,8,GTM,True
2897,2005,11,GIN,True
2898,2005,7,GNB,True
2899,2005,6,GUY,True
2900,2005,13,HTI,True
2901,2005,6,HND,True
2904,2005,5,IND,True
2905,2005,5,IDN,True
2906,2005,12,IRN,True
2907,2005,11,IRQ,True
2911,2005,5,JAM,True
2913,2005,9,JOR,True
2914,2005,11,KAZ,True
2915,2005,6,KEN,True
2916,2005,2,KIR,True
2918,2005,9,KGZ,True
2919,2005,13,LAO,True
2921,2005,9,LBN,True
2922,2005,5,LSO,True
2923,2005,8,LBR,True
2928,2005,6,MDG,True
2929,2005,8,MWI,True
2930,2005,8,MYS,True
2931,2005,11,MDV,True
2932,2005,4,MLI,True
2934,2005,2,MHL,True
2935,2005,10,MRT,True
2936,2005,2,MUS,True
2937,2005,4,MEX,True
2938,2005,2,FSM,True
2939,2005,7,MDA,True
2941,2005,4,MNG,True
2942,2005,9,MAR,True
2943,2005,7,MOZ,True
2944,2005,14,MMR,True
2945,2005,4,NAM,True
2947,2005,11,NPL,True
2950,2005,6,NIC,True
2951,2005,6,NER,True
2952,2005,8,NGA,True
2954,2005,6,MKD,True
2957,2005,11,PAK,True
2958,2005,2,PLW,True
2959,2005,3,PAN,True
2960,2005,6,PNG,True
2961,2005,6,PRY,True
2962,2005,5,PER,True
2963,2005,6,PHL,True
2964,2005,2,POL,True
2967,2005,4,ROU,True
2969,2005,11,RWA,True
2970,2005,4,WSM,True
2973,2005,13,SAU,True
2974,2005,5,SEN,True
2976,2005,6,SYC,True
2977,2005,7,SLE,True
2979,2005,2,SVK,True
2981,2005,6,SLB,True
2983,2005,3,ZAF,True
2986,2005,6,LKA,True
2987,2005,2,KNA,True
2988,2005,2,LCA,True
2989,2005,3,VCT,True
2990,2005,14,SDN,True
2991,2005,4,SUR,True
2996,2005,11,TJK,True
2997,2005,7,TZA,True
2998,2005,6,THA,True
2999,2005,9,GMB,True
3000,2005,6,TLS,True
3001,2005,11,TGO,True
3002,2005,8,TON,True
3004,2005,11,TUN,True
3007,2005,2,TUV,True
3008,2005,9,UGA,True
3009,2005,5,UKR,True
3014,2005,14,UZB,True
3015,2005,4,VUT,True
3017,2005,12,VNM,True
3019,2005,8,ZMB,True
3020,2005,13,ZWE,True
3021,2006,10,AFG,True
3022,2006,6,ALB,True
3023,2006,11,DZA,True
3025,2006,11,AGO,True
3026,2006,4,ATG,True
3027,2006,4,ARG,True
3028,2006,9,ARM,True
3031,2006,11,AZE,True
3034,2006,8,BGD,True
3035,2006,2,BRB,True
3038,2006,3,BLZ,True
3039,2006,4,BEN,True
3040,2006,11,BTN,True
3041,2006,6,BOL,True
3042,2006,6,BIH,True
3043,2006,4,BWA,True
3044,2006,4,BRA,True
3046,2006,3,BGR,True
3047,2006,8,BFA,True
3048,2006,9,BDI,True
3049,2006,2,CPV,True
3050,2006,11,KHM,True
3051,2006,12,CMR,True
3055,2006,2,CHL,True
3056,2006,13,CHN,True
3057,2006,6,COL,True
3058,2006,7,COM,True
3059,2006,11,COD,True
3061,2006,2,CRI,True
3062,2006,13,CIV,True
3063,2006,4,HRV,True
3064,2006,14,CUB,True
3068,2006,10,DJI,True
3069,2006,2,DMA,True
3070,2006,4,DOM,True
3071,2006,6,ECU,True
3072,2006,11,EGY,True
3073,2006,5,SLV,True
3075,2006,13,ERI,True
3077,2006,12,SWZ,True
3078,2006,10,ETH,True
3079,2006,10,FJI,True
3082,2006,10,GAB,True
3083,2006,6,GEO,True
3085,2006,3,GHA,True
3087,2006,3,GRD,True
3088,2006,7,GTM,True
3089,2006,11,GIN,True
3090,2006,8,GNB,True
3091,2006,5,GUY,True
3092,2006,9,HTI,True
3093,2006,6,HND,True
3096,2006,5,IND,True
3097,2006,5,IDN,True
3098,2006,12,IRN,True
3099,2006,12,IRQ,True
3103,2006,5,JAM,True
3105,2006,9,JOR,True
3106,2006,11,KAZ,True
3107,2006,6,KEN,True
3108,2006,2,KIR,True
3110,2006,9,KGZ,True
3111,2006,13,LAO,True
3113,2006,9,LBN,True
3114,2006,5,LSO,True
3115,2006,7,LBR,True
3120,2006,7,MDG,True
3121,2006,7,MWI,True
3122,2006,8,MYS,True
3123,2006,11,MDV,True
3124,2006,4,MLI,True
3126,2006,2,MHL,True
3127,2006,9,MRT,True
3128,2006,3,MUS,True
3129,2006,5,MEX,True
3130,2006,2,FSM,True
3131,2006,7,MDA,True
3133,2006,4,MNG,True
3134,2006,6,MNE,True
3135,2006,9,MAR,True
3136,2006,7,MOZ,True
3137,2006,14,MMR,True
3138,2006,4,NAM,True
3140,2006,9,NPL,True
3143,2006,6,NIC,True
3144,2006,6,NER,True
3145,2006,8,NGA,True
3147,2006,6,MKD,True
3150,2006,11,PAK,True
3151,2006,2,PLW,True
3152,2006,3,PAN,True
3153,2006,6,PNG,True
3154,2006,6,PRY,True
3155,2006,5,PER,True
3156,2006,6,PHL,True
3157,2006,2,POL,True
3160,2006,4,ROU,True
3162,2006,11,RWA,True
3163,2006,4,WSM,True
3166,2006,13,SAU,True
3167,2006,5,SEN,True
3168,2006,5,SRB,True
3169,2006,6,SYC,True
3170,2006,7,SLE,True
3172,2006,2,SVK,True
3174,2006,7,SLB,True
3176,2006,4,ZAF,True
3179,2006,8,LKA,True
3180,2006,2,KNA,True
3181,2006,2,LCA,True
3182,2006,3,VCT,True
3183,2006,14,SDN,True
3184,2006,4,SUR,True
3189,2006,11,TJK,True
3190,2006,7,TZA,True
3191,2006,11,THA,True
3192,2006,9,GMB,True
3193,2006,7,TLS,True
3194,2006,11,TGO,True
3195,2006,8,TON,True
3197,2006,11,TUN,True
3200,2006,2,TUV,True
3201,2006,9,UGA,True
3202,2006,5,UKR,True
3207,2006,14,UZB,True
3208,2006,4,VUT,True
3210,2006,12,VNM,True
3212,2006,7,ZMB,True
3213,2006,13,ZWE,True
3214,2007,10,AFG,True
3215,2007,6,ALB,True
3216,2007,11,DZA,True
3218,2007,11,AGO,True
3219,2007,4,ATG,True
3220,2007,4,ARG,True
3221,2007,9,ARM,True
3224,2007,11,AZE,True
3227,2007,9,BGD,True
3228,2007,2,BRB,True
3231,2007,3,BLZ,True
3232,2007,4,BEN,True
3233,2007,11,BTN,True
3234,2007,6,BOL,True
3235,2007,7,BIH,True
3236,2007,4,BWA,True
3237,2007,4,BRA,True
3239,2007,3,BGR,True
3240,2007,8,BFA,True
3241,2007,9,BDI,True
3242,2007,2,CPV,True
3243,2007,11,KHM,True
3244,2007,12,CMR,True
3248,2007,2,CHL,True
3249,2007,13,CHN,True
3250,2007,6,COL,True
3251,2007,8,COM,True
3252,2007,11,COD,True
3254,2007,2,CRI,True
3255,2007,12,CIV,True
3256,2007,4,HRV,True
3257,2007,14,CUB,True
3261,2007,10,DJI,True
3262,2007,2,DMA,True
3263,2007,4,DOM,True
3264,2007,6,ECU,True
3265,2007,11,EGY,True
3266,2007,5,SLV,True
3268,2007,13,ERI,True
3270,2007,12,SWZ,True
3271,2007,10,ETH,True
3272,2007,10,FJI,True
3275,2007,10,GAB,True
3276,2007,8,GEO,True
3278,2007,3,GHA,True
3280,2007,3,GRD,True
3281,2007,7,GTM,True
3282,2007,11,GIN,True
3283,2007,8,GNB,True
3284,2007,5,GUY,True
3285,2007,9,HTI,True
3286,2007,6,HND,True
3289,2007,5,IND,True
3290,2007,5,IDN,True
3291,2007,12,IRN,True
3292,2007,12,IRQ,True
3296,2007,5,JAM,True
3298,2007,9,JOR,True
3299,2007,11,KAZ,True
3300,2007,7,KEN,True
3301,2007,2,KIR,True
3303,2007,9,KGZ,True
3304,2007,13,LAO,True
3306,2007,9,LBN,True
3307,2007,5,LSO,True
3308,2007,7,LBR,True
3313,2007,7,MDG,True
3314,2007,8,MWI,True
3315,2007,8,MYS,True
3316,2007,11,MDV,True
3317,2007,5,MLI,True
3319,2007,2,MHL,True
3320,2007,8,MRT,True
3321,2007,3,MUS,True
3322,2007,5,MEX,True
3323,2007,2,FSM,True
3324,2007,7,MDA,True
3326,2007,4,MNG,True
3327,2007,6,MNE,True
3328,2007,9,MAR,True
3329,2007,6,MOZ,True
3330,2007,14,MMR,True
3331,2007,4,NAM,True
3333,2007,9,NPL,True
3336,2007,6,NIC,True
3337,2007,7,NER,True
3338,2007,8,NGA,True
3340,2007,6,MKD,True
3343,2007,11,PAK,True
3344,2007,2,PLW,True
3345,2007,3,PAN,True
3346,2007,6,PNG,True
3347,2007,6,PRY,True
3348,2007,5,PER,True
3349,2007,7,PHL,True
3350,2007,2,POL,True
3353,2007,4,ROU,True
3355,2007,11,RWA,True
3356,2007,4,WSM,True
3359,2007,13,SAU,True
3360,2007,5,SEN,True
3361,2007,5,SRB,True
3362,2007,6,SYC,True
3363,2007,6,SLE,True
3365,2007,2,SVK,True
3367,2007,7,SLB,True
3369,2007,4,ZAF,True
3372,2007,8,LKA,True
3373,2007,2,KNA,True
3374,2007,2,LCA,True
3375,2007,3,VCT,True
3376,2007,14,SDN,True
3377,2007,4,SUR,True
3382,2007,11,TJK,True
3383,2007,7,TZA,True
3384,2007,10,THA,True
3385,2007,9,GMB,True
3386,2007,7,TLS,True
3387,2007,10,TGO,True
3388,2007,8,TON,True
3390,2007,12,TUN,True
3393,2007,2,TUV,True
3394,2007,9,UGA,True
3395,2007,5,UKR,True
3400,2007,14,UZB,True
3401,2007,4,VUT,True
3403,2007,12,VNM,True
3405,2007,7,ZMB,True
3406,2007,13,ZWE,True
3407,2008,11,AFG,True
3408,2008,6,ALB,True
3409,2008,11,DZA,True
3411,2008,11,AGO,True
3412,2008,4,ATG,True
3413,2008,4,ARG,True
3414,2008,10,ARM,True
3417,2008,11,AZE,True
3420,2008,8,BGD,True
3421,2008,2,BRB,True
3424,2008,3,BLZ,True
3425,2008,4,BEN,True
3426,2008,9,BTN,True
3427,2008,6,BOL,True
3428,2008,7,BIH,True
3429,2008,4,BWA,True
3430,2008,4,BRA,True
3432,2008,4,BGR,True
3433,2008,8,BFA,True
3434,2008,9,BDI,True
3435,2008,2,CPV,True
3436,2008,11,KHM,True
3437,2008,12,CMR,True
3441,2008,2,CHL,True
3442,2008,13,CHN,True
3443,2008,7,COL,True
3444,2008,7,COM,True
3445,2008,11,COD,True
3447,2008,2,CRI,True
3448,2008,11,CIV,True
3449,2008,4,HRV,True
3450,2008,13,CUB,True
3454,2008,10,DJI,True
3455,2008,2,DMA,True
3456,2008,4,DOM,True
3457,2008,6,ECU,True
3458,2008,11,EGY,True
3459,2008,5,SLV,True
3461,2008,13,ERI,True
3463,2008,12,SWZ,True
3464,2008,10,ETH,True
3465,2008,10,FJI,True
3468,2008,10,GAB,True
3469,2008,8,GEO,True
3471,2008,3,GHA,True
3473,2008,3,GRD,True
3474,2008,7,GTM,True
3475,2008,12,GIN,True
3476,2008,8,GNB,True
3477,2008,5,GUY,True
3478,2008,9,HTI,True
3479,2008,6,HND,True
3482,2008,5,IND,True
3483,2008,5,IDN,True
3484,2008,12,IRN,True
3485,2008,12,IRQ,True
3489,2008,5,JAM,True
3491,2008,10,JOR,True
3492,2008,11,KAZ,True
3493,2008,7,KEN,True
3494,2008,2,KIR,True
3496,2008,9,KGZ,True
3497,2008,13,LAO,True
3499,2008,9,LBN,True
3500,2008,5,LSO,True
3501,2008,7,LBR,True
3506,2008,7,MDG,True
3507,2008,8,MWI,True
3508,2008,8,MYS,True
3509,2008,8,MDV,True
3510,2008,5,MLI,True
3512,2008,2,MHL,True
3513,2008,11,MRT,True
3514,2008,3,MUS,True
3515,2008,5,MEX,True
3516,2008,2,FSM,True
3517,2008,8,MDA,True
3519,2008,4,MNG,True
3520,2008,6,MNE,True
3521,2008,9,MAR,True
3522,2008,6,MOZ,True
3523,2008,14,MMR,True
3524,2008,4,NAM,True
3526,2008,8,NPL,True
3529,2008,7,NIC,True
3530,2008,7,NER,True
3531,2008,9,NGA,True
3533,2008,6,MKD,True
3536,2008,9,PAK,True
3537,2008,2,PLW,True
3538,2008,3,PAN,True
3539,2008,7,PNG,True
3540,2008,6,PRY,True
3541,2008,5,PER,True
3542,2008,7,PHL,True
3543,2008,2,POL,True
3546,2008,4,ROU,True
3548,2008,11,RWA,True
3549,2008,4,WSM,True
3552,2008,13,SAU,True
3553,2008,6,SEN,True
3554,2008,5,SRB,True
3555,2008,6,SYC,True
3556,2008,6,SLE,True
3558,2008,2,SVK,True
3560,2008,7,SLB,True
3562,2008,4,ZAF,True
3565,2008,8,LKA,True
3566,2008,2,KNA,True
3567,2008,2,LCA,True
3568,2008,3,VCT,True
3569,2008,14,SDN,True
3570,2008,4,SUR,True
3575,2008,11,TJK,True
3576,2008,7,TZA,True
3577,2008,9,THA,True
3578,2008,9,GMB,True
3579,2008,7,TLS,True
3580,2008,10,TGO,True
3581,2008,8,TON,True
3583,2008,12,TUN,True
3586,2008,2,TUV,True
3587,2008,9,UGA,True
3588,2008,5,UKR,True
3593,2008,14,UZB,True
3594,2008,4,VUT,True
3596,2008,12,VNM,True
3598,2008,6,ZMB,True
3599,2008,13,ZWE,True
3600,2009,12,AFG,True
3601,2009,6,ALB,True
3602,2009,11,DZA,True
3604,2009,11,AGO,True
3605,2009,5,ATG,True
3606,2009,4,ARG,True
3607,2009,10,ARM,True
3610,2009,11,AZE,True
3613,2009,7,BGD,True
3614,2009,2,BRB,True
3617,2009,3,BLZ,True
3618,2009,4,BEN,True
3619,2009,9,BTN,True
3620,2009,6,BOL,True
3621,2009,7,BIH,True
3622,2009,5,BWA,True
3623,2009,4,BRA,True
3625,2009,4,BGR,True
3626,2009,8,BFA,True
3627,2009,9,BDI,True
3628,2009,2,CPV,True
3629,2009,11,KHM,True
3630,2009,12,CMR,True
3634,2009,2,CHL,True
3635,2009,13,CHN,True
3636,2009,7,COL,True
3637,2009,7,COM,True
3638,2009,11,COD,True
3640,2009,2,CRI,True
3641,2009,11,CIV,True
3642,2009,3,HRV,True
3643,2009,13,CUB,True
3647,2009,10,DJI,True
3648,2009,2,DMA,True
3649,2009,4,DOM,True
3650,2009,6,ECU,True
3651,2009,11,EGY,True
3652,2009,5,SLV,True
3654,2009,14,ERI,True
3656,2009,12,SWZ,True
3657,2009,10,ETH,True
3658,2009,10,FJI,True
3661,2009,11,GAB,True
3662,2009,8,GEO,True
3664,2009,3,GHA,True
3666,2009,3,GRD,True
3667,2009,8,GTM,True
3668,2009,13,GIN,True
3669,2009,8,GNB,True
3670,2009,5,GUY,True
3671,2009,9,HTI,True
3672,2009,8,HND,True
3675,2009,5,IND,True
3676,2009,5,IDN,True
3677,2009,12,IRN,True
3678,2009,11,IRQ,True
3682,2009,5,JAM,True
3684,2009,11,JOR,True
3685,2009,11,KAZ,True
3686,2009,8,KEN,True
3687,2009,2,KIR,True
3688,2009,9,XKX,True
3690,2009,11,KGZ,True
3691,2009,13,LAO,True
3693,2009,8,LBN,True
3694,2009,6,LSO,True
3695,2009,7,LBR,True
3700,2009,10,MDG,True
3701,2009,7,MWI,True
3702,2009,8,MYS,True
3703,2009,7,MDV,True
3704,2009,5,MLI,True
3706,2009,2,MHL,True
3707,2009,11,MRT,True
3708,2009,3,MUS,True
3709,2009,5,MEX,True
3710,2009,2,FSM,True
3711,2009,7,MDA,True
3713,2009,4,MNG,True
3714,2009,5,MNE,True
3715,2009,9,MAR,True
3716,2009,7,MOZ,True
3717,2009,14,MMR,True
3718,2009,4,NAM,True
3720,2009,8,NPL,True
3723,2009,8,NIC,True
3724,2009,9,NER,True
3725,2009,9,NGA,True
3727,2009,6,MKD,True
3730,2009,9,PAK,True
3731,2009,2,PLW,True
3732,2009,3,PAN,True
3733,2009,7,PNG,True
3734,2009,6,PRY,True
3735,2009,5,PER,True
3736,2009,7,PHL,True
3737,2009,2,POL,True
3740,2009,4,ROU,True
3742,2009,11,RWA,True
3743,2009,4,WSM,True
3746,2009,13,SAU,True
3747,2009,6,SEN,True
3748,2009,4,SRB,True
3749,2009,6,SYC,True
3750,2009,6,SLE,True
3752,2009,2,SVK,True
3754,2009,7,SLB,True
3756,2009,4,ZAF,True
3759,2009,8,LKA,True
3760,2009,2,KNA,True
3761,2009,2,LCA,True
3762,2009,3,VCT,True
3763,2009,14,SDN,True
3764,2009,4,SUR,True
3769,2009,11,TJK,True
3770,2009,7,TZA,True
3771,2009,9,THA,True
3772,2009,10,GMB,True
3773,2009,7,TLS,True
3774,2009,9,TGO,True
3775,2009,8,TON,True
3777,2009,12,TUN,True
3780,2009,2,TUV,True
3781,2009,9,UGA,True
3782,2009,5,UKR,True
3787,2009,14,UZB,True
3788,2009,4,VUT,True
3790,2009,12,VNM,True
3792,2009,7,ZMB,True
3793,2009,12,ZWE,True
3794,2010,12,AFG,True
3795,2010,6,ALB,True
3796,2010,11,DZA,True
3798,2010,11,AGO,True
3799,2010,5,ATG,True
3800,2010,4,ARG,True
3801,2010,10,ARM,True
3804,2010,11,AZE,True
3807,2010,7,BGD,True
3808,2010,2,BRB,True
3811,2010,3,BLZ,True
3812,2010,4,BEN,True
3813,2010,9,BTN,True
3814,2010,6,BOL,True
3815,2010,7,BIH,True
3816,2010,5,BWA,True
3817,2010,4,BRA,True
3819,2010,4,BGR,True
3820,2010,8,BFA,True
3821,2010,10,BDI,True
3822,2010,2,CPV,True
3823,2010,11,KHM,True
3824,2010,12,CMR,True
3828,2010,2,CHL,True
3829,2010,13,CHN,True
3830,2010,7,COL,True
3831,2010,7,COM,True
3832,2010,11,COD,True
3834,2010,2,CRI,True
3835,2010,13,CIV,True
3836,2010,3,HRV,True
3837,2010,13,CUB,True
3841,2010,11,DJI,True
3842,2010,2,DMA,True
3843,2010,4,DOM,True
3844,2010,6,ECU,True
3845,2010,11,EGY,True
3846,2010,5,SLV,True
3848,2010,14,ERI,True
3850,2010,12,SWZ,True
3851,2010,12,ETH,True
3852,2010,10,FJI,True
3855,2010,11,GAB,True
3856,2010,7,GEO,True
3858,2010,3,GHA,True
3860,2010,3,GRD,True
3861,2010,8,GTM,True
3862,2010,10,GIN,True
3863,2010,8,GNB,True
3864,2010,5,GUY,True
3865,2010,9,HTI,True
3866,2010,8,HND,True
3869,2010,5,IND,True
3870,2010,5,IDN,True
3871,2010,12,IRN,True
3872,2010,11,IRQ,True
3876,2010,5,JAM,True
3878,2010,11,JOR,True
3879,2010,11,KAZ,True
3880,2010,7,KEN,True
3881,2010,2,KIR,True
3882,2010,9,XKX,True
3884,2010,10,KGZ,True
3885,2010,13,LAO,True
3887,2010,8,LBN,True
3888,2010,6,LSO,True
3889,2010,7,LBR,True
3894,2010,10,MDG,True
3895,2010,7,MWI,True
3896,2010,8,MYS,True
3897,2010,7,MDV,True
3898,2010,5,MLI,True
3900,2010,2,MHL,True
3901,2010,11,MRT,True
3902,2010,3,MUS,True
3903,2010,6,MEX,True
3904,2010,2,FSM,True
3905,2010,6,MDA,True
3907,2010,4,MNG,True
3908,2010,5,MNE,True
3909,2010,9,MAR,True
3910,2010,7,MOZ,True
3911,2010,14,MMR,True
3912,2010,4,NAM,True
3914,2010,8,NPL,True
3917,2010,8,NIC,True
3918,2010,9,NER,True
3919,2010,8,NGA,True
3921,2010,6,MKD,True
3924,2010,9,PAK,True
3925,2010,2,PLW,True
3926,2010,3,PAN,True
3927,2010,7,PNG,True
3928,2010,6,PRY,True
3929,2010,5,PER,True
3930,2010,6,PHL,True
3931,2010,2,POL,True
3934,2010,4,ROU,True
3936,2010,11,RWA,True
3937,2010,4,WSM,True
3940,2010,13,SAU,True
3941,2010,6,SEN,True
3942,2010,4,SRB,True
3943,2010,6,SYC,True
3944,2010,6,SLE,True
3946,2010,2,SVK,True
3948,2010,7,SLB,True
3950,2010,4,ZAF,True
3953,2010,9,LKA,True
3954,2010,2,KNA,True
3955,2010,2,LCA,True
3956,2010,2,VCT,True
3957,2010,14,SDN,True
3958,2010,4,SUR,True
3963,2010,11,TJK,True
3964,2010,6,TZA,True
3965,2010,9,THA,True
3966,2010,10,GMB,True
3967,2010,7,TLS,True
3968,2010,9,TGO,True
3969,2010,6,TON,True
3971,2010,12,TUN,True
3974,2010,2,TUV,True
3975,2010,9,UGA,True
3976,2010,6,UKR,True
3981,2010,14,UZB,True
3982,2010,4,VUT,True
3984,2010,12,VNM,True
3986,2010,7,ZMB,True
3987,2010,12,ZWE,True
3988,2011,12,AFG,True
3989,2011,6,ALB,True
3990,2011,11,DZA,True
3992,2011,11,AGO,True
3993,2011,5,ATG,True
3994,2011,4,ARG,True
3995,2011,10,ARM,True
3998,2011,11,AZE,True
4001,2011,7,BGD,True
4002,2011,2,BRB,True
4005,2011,3,BLZ,True
4006,2011,4,BEN,True
4007,2011,9,BTN,True
4008,2011,6,BOL,True
4009,2011,7,BIH,True
4010,2011,5,BWA,True
4011,2011,4,BRA,True
4013,2011,4,BGR,True
4014,2011,8,BFA,True
4015,2011,10,BDI,True
4016,2011,2,CPV,True
4017,2011,11,KHM,True
4018,2011,12,CMR,True
4022,2011,2,CHL,True
4023,2011,13,CHN,True
4024,2011,7,COL,True
4025,2011,7,COM,True
4026,2011,11,COD,True
4028,2011,2,CRI,True
4029,2011,12,CIV,True
4030,2011,3,HRV,True
4031,2011,13,CUB,True
4035,2011,11,DJI,True
4036,2011,2,DMA,True
4037,2011,4,DOM,True
4038,2011,6,ECU,True
4039,2011,11,EGY,True
4040,2011,5,SLV,True
4042,2011,14,ERI,True
4044,2011,12,SWZ,True
4045,2011,12,ETH,True
4046,2011,10,FJI,True
4049,2011,11,GAB,True
4050,2011,7,GEO,True
4052,2011,3,GHA,True
4054,2011,3,GRD,True
4055,2011,7,GTM,True
4056,2011,10,GIN,True
4057,2011,8,GNB,True
4058,2011,5,GUY,True
4059,2011,9,HTI,True
4060,2011,8,HND,True
4063,2011,5,IND,True
4064,2011,5,IDN,True
4065,2011,12,IRN,True
4066,2011,11,IRQ,True
4070,2011,5,JAM,True
4072,2011,11,JOR,True
4073,2011,11,KAZ,True
4074,2011,7,KEN,True
4075,2011,2,KIR,True
4076,2011,9,XKX,True
4078,2011,10,KGZ,True
4079,2011,13,LAO,True
4081,2011,9,LBN,True
4082,2011,6,LSO,True
4083,2011,7,LBR,True
4088,2011,10,MDG,True
4089,2011,7,MWI,True
4090,2011,8,MYS,True
4091,2011,7,MDV,True
4092,2011,5,MLI,True
4094,2011,2,MHL,True
4095,2011,11,MRT,True
4096,2011,3,MUS,True
4097,2011,6,MEX,True
4098,2011,2,FSM,True
4099,2011,6,MDA,True
4101,2011,4,MNG,True
4102,2011,5,MNE,True
4103,2011,9,MAR,True
4104,2011,7,MOZ,True
4105,2011,13,MMR,True
4106,2011,4,NAM,True
4108,2011,8,NPL,True
4111,2011,9,NIC,True
4112,2011,7,NER,True
4113,2011,8,NGA,True
4115,2011,6,MKD,True
4118,2011,9,PAK,True
4119,2011,2,PLW,True
4120,2011,3,PAN,True
4121,2011,7,PNG,True
4122,2011,6,PRY,True
4123,2011,5,PER,True
4124,2011,6,PHL,True
4125,2011,2,POL,True
4128,2011,4,ROU,True
4130,2011,11,RWA,True
4131,2011,4,WSM,True
4134,2011,14,SAU,True
4135,2011,6,SEN,True
4136,2011,4,SRB,True
4137,2011,6,SYC,True
4138,2011,6,SLE,True
4140,2011,2,SVK,True
4142,2011,7,SLB,True
4144,2011,4,ZAF,True
4146,2011,11,SSD,True
4148,2011,9,LKA,True
4149,2011,2,KNA,True
4150,2011,2,LCA,True
4151,2011,2,VCT,True
4152,2011,14,SDN,True
4153,2011,4,SUR,True
4158,2011,11,TJK,True
4159,2011,6,TZA,True
4160,2011,8,THA,True
4161,2011,11,GMB,True
4162,2011,7,TLS,True
4163,2011,9,TGO,True
4164,2011,6,TON,True
4166,2011,7,TUN,True
4169,2011,2,TUV,True
4170,2011,9,UGA,True
4171,2011,7,UKR,True
4176,2011,14,UZB,True
4177,2011,4,VUT,True
4179,2011,12,VNM,True
4181,2011,7,ZMB,True
4182,2011,12,ZWE,True
4183,2012,12,AFG,True
4184,2012,6,ALB,True
4185,2012,11,DZA,True
4187,2012,11,AGO,True
4188,2012,4,ATG,True
4189,2012,4,ARG,True
4190,2012,9,ARM,True
4193,2012,11,AZE,True
4196,2012,7,BGD,True
4197,2012,2,BRB,True
4200,2012,3,BLZ,True
4201,2012,4,BEN,True
4202,2012,9,BTN,True
4203,2012,6,BOL,True
4204,2012,6,BIH,True
4205,2012,5,BWA,True
4206,2012,4,BRA,True
4208,2012,4,BGR,True
4209,2012,8,BFA,True
4210,2012,10,BDI,True
4211,2012,2,CPV,True
4212,2012,11,KHM,True
4213,2012,12,CMR,True
4217,2012,2,CHL,True
4218,2012,13,CHN,True
4219,2012,7,COL,True
4220,2012,7,COM,True
4221,2012,11,COD,True
4223,2012,2,CRI,True
4224,2012,10,CIV,True
4225,2012,3,HRV,True
4226,2012,13,CUB,True
4230,2012,11,DJI,True
4231,2012,2,DMA,True
4232,2012,4,DOM,True
4233,2012,6,ECU,True
4234,2012,10,EGY,True
4235,2012,5,SLV,True
4237,2012,14,ERI,True
4239,2012,12,SWZ,True
4240,2012,12,ETH,True
4241,2012,10,FJI,True
4244,2012,11,GAB,True
4245,2012,6,GEO,True
4247,2012,3,GHA,True
4249,2012,3,GRD,True
4250,2012,7,GTM,True
4251,2012,10,GIN,True
4252,2012,11,GNB,True
4253,2012,5,GUY,True
4254,2012,9,HTI,True
4255,2012,8,HND,True
4258,2012,5,IND,True
4259,2012,5,IDN,True
4260,2012,12,IRN,True
4261,2012,12,IRQ,True
4265,2012,5,JAM,True
4267,2012,11,JOR,True
4268,2012,11,KAZ,True
4269,2012,8,KEN,True
4270,2012,2,KIR,True
4271,2012,9,XKX,True
4273,2012,10,KGZ,True
4274,2012,13,LAO,True
4276,2012,9,LBN,True
4277,2012,5,LSO,True
4278,2012,7,LBR,True
4283,2012,10,MDG,True
4284,2012,7,MWI,True
4285,2012,8,MYS,True
4286,2012,9,MDV,True
4287,2012,12,MLI,True
4289,2012,2,MHL,True
4290,2012,11,MRT,True
4291,2012,3,MUS,True
4292,2012,6,MEX,True
4293,2012,2,FSM,True
4294,2012,6,MDA,True
4296,2012,3,MNG,True
4297,2012,5,MNE,True
4298,2012,9,MAR,True
4299,2012,7,MOZ,True
4300,2012,11,MMR,True
4301,2012,4,NAM,True
4303,2012,8,NPL,True
4306,2012,9,NIC,True
4307,2012,7,NER,True
4308,2012,8,NGA,True
4310,2012,6,MKD,True
4313,2012,9,PAK,True
4314,2012,2,PLW,True
4315,2012,3,PAN,True
4316,2012,7,PNG,True
4317,2012,6,PRY,True
4318,2012,5,PER,True
4319,2012,6,PHL,True
4320,2012,2,POL,True
4323,2012,4,ROU,True
4325,2012,12,RWA,True
4326,2012,4,WSM,True
4329,2012,14,SAU,True
4330,2012,5,SEN,True
4331,2012,4,SRB,True
4332,2012,6,SYC,True
4333,2012,5,SLE,True
4335,2012,2,SVK,True
4337,2012,7,SLB,True
4339,2012,4,ZAF,True
4341,2012,11,SSD,True
4343,2012,9,LKA,True
4344,2012,2,KNA,True
4345,2012,2,LCA,True
4346,2012,2,VCT,True
4347,2012,14,SDN,True
4348,2012,4,SUR,True
4353,2012,12,TJK,True
4354,2012,6,TZA,True
4355,2012,8,THA,True
4356,2012,12,GMB,True
4357,2012,7,TLS,True
4358,2012,9,TGO,True
4359,2012,5,TON,True
4361,2012,7,TUN,True
4364,2012,2,TUV,True
4365,2012,9,UGA,True
4366,2012,7,UKR,True
4371,2012,14,UZB,True
4372,2012,4,VUT,True
4374,2012,12,VNM,True
4376,2012,7,ZMB,True
4377,2012,12,ZWE,True
4378,2013,12,AFG,True
4379,2013,6,ALB,True
4380,2013,11,DZA,True
4382,2013,11,AGO,True
4383,2013,4,ATG,True
4384,2013,4,ARG,True
4385,2013,9,ARM,True
4388,2013,12,AZE,True
4391,2013,7,BGD,True
4392,2013,2,BRB,True
4395,2013,3,BLZ,True
4396,2013,4,BEN,True
4397,2013,7,BTN,True
4398,2013,6,BOL,True
4399,2013,6,BIH,True
4400,2013,5,BWA,True
4401,2013,4,BRA,True
4403,2013,4,BGR,True
4404,2013,8,BFA,True
4405,2013,10,BDI,True
4406,2013,2,CPV,True
4407,2013,11,KHM,True
4408,2013,12,CMR,True
4412,2013,2,CHL,True
4413,2013,13,CHN,True
4414,2013,7,COL,True
4415,2013,7,COM,True
4416,2013,11,COD,True
4418,2013,2,CRI,True
4419,2013,9,CIV,True
4420,2013,3,HRV,True
4421,2013,13,CUB,True
4425,2013,11,DJI,True
4426,2013,2,DMA,True
4427,2013,5,DOM,True
4428,2013,6,ECU,True
4429,2013,11,EGY,True
4430,2013,5,SLV,True
4432,2013,14,ERI,True
4434,2013,12,SWZ,True
4435,2013,12,ETH,True
4436,2013,10,FJI,True
4439,2013,11,GAB,True
4440,2013,6,GEO,True
4442,2013,3,GHA,True
4444,2013,3,GRD,True
4445,2013,7,GTM,True
4446,2013,10,GIN,True
4447,2013,11,GNB,True
4448,2013,5,GUY,True
4449,2013,9,HTI,True
4450,2013,8,HND,True
4453,2013,5,IND,True
4454,2013,6,IDN,True
4455,2013,12,IRN,True
4456,2013,11,IRQ,True
4460,2013,5,JAM,True
4462,2013,11,JOR,True
4463,2013,11,KAZ,True
4464,2013,8,KEN,True
4465,2013,2,KIR,True
4466,2013,9,XKX,True
4468,2013,10,KGZ,True
4469,2013,13,LAO,True
4471,2013,9,LBN,True
4472,2013,5,LSO,True
4473,2013,7,LBR,True
4478,2013,9,MDG,True
4479,2013,7,MWI,True
4480,2013,8,MYS,True
4481,2013,8,MDV,True
4482,2013,9,MLI,True
4484,2013,2,MHL,True
4485,2013,11,MRT,True
4486,2013,3,MUS,True
4487,2013,6,MEX,True
4488,2013,2,FSM,True
4489,2013,6,MDA,True
4491,2013,3,MNG,True
4492,2013,5,MNE,True
4493,2013,9,MAR,True
4494,2013,7,MOZ,True
4495,2013,11,MMR,True
4496,2013,4,NAM,True
4498,2013,8,NPL,True
4501,2013,7,NIC,True
4502,2013,7,NER,True
4503,2013,8,NGA,True
4505,2013,6,MKD,True
4508,2013,9,PAK,True
4509,2013,2,PLW,True
4510,2013,4,PAN,True
4511,2013,6,PNG,True
4512,2013,6,PRY,True
4513,2013,5,PER,True
4514,2013,6,PHL,True
4515,2013,2,POL,True
4518,2013,4,ROU,True
4520,2013,11,RWA,True
4521,2013,4,WSM,True
4524,2013,14,SAU,True
4525,2013,4,SEN,True
4526,2013,4,SRB,True
4527,2013,6,SYC,True
4528,2013,6,SLE,True
4530,2013,2,SVK,True
4532,2013,7,SLB,True
4534,2013,4,ZAF,True
4536,2013,12,SSD,True
4538,2013,9,LKA,True
4539,2013,2,KNA,True
4540,2013,2,LCA,True
4541,2013,2,VCT,True
4542,2013,14,SDN,True
4543,2013,4,SUR,True
4548,2013,12,TJK,True
4549,2013,6,TZA,True
4550,2013,8,THA,True
4551,2013,12,GMB,True
4552,2013,7,TLS,True
4553,2013,8,TGO,True
4554,2013,4,TON,True
4556,2013,6,TUN,True
4559,2013,2,TUV,True
4560,2013,10,UGA,True
4561,2013,7,UKR,True
4566,2013,14,UZB,True
4567,2013,4,VUT,True
4569,2013,12,VNM,True
4571,2013,7,ZMB,True
4572,2013,11,ZWE,True
4573,2014,12,AFG,True
4574,2014,6,ALB,True
4575,2014,11,DZA,True
4577,2014,11,AGO,True
4578,2014,4,ATG,True
4579,2014,4,ARG,True
4580,2014,9,ARM,True
4583,2014,12,AZE,True
4586,2014,8,BGD,True
4587,2014,2,BRB,True
4590,2014,3,BLZ,True
4591,2014,4,BEN,True
4592,2014,7,BTN,True
4593,2014,6,BOL,True
4594,2014,7,BIH,True
4595,2014,5,BWA,True
4596,2014,4,BRA,True
4598,2014,4,BGR,True
4599,2014,9,BFA,True
4600,2014,11,BDI,True
4601,2014,2,CPV,True
4602,2014,11,KHM,True
4603,2014,12,CMR,True
4607,2014,2,CHL,True
4608,2014,13,CHN,True
4609,2014,7,COL,True
4610,2014,7,COM,True
4611,2014,11,COD,True
4613,2014,2,CRI,True
4614,2014,9,CIV,True
4615,2014,3,HRV,True
4616,2014,13,CUB,True
4620,2014,11,DJI,True
4621,2014,2,DMA,True
4622,2014,5,DOM,True
4623,2014,6,ECU,True
4624,2014,11,EGY,True
4625,2014,5,SLV,True
4627,2014,14,ERI,True
4629,2014,12,SWZ,True
4630,2014,12,ETH,True
4631,2014,7,FJI,True
4634,2014,11,GAB,True
4635,2014,6,GEO,True
4637,2014,3,GHA,True
4639,2014,3,GRD,True
4640,2014,7,GTM,True
4641,2014,10,GIN,True
4642,2014,10,GNB,True
4643,2014,5,GUY,True
4644,2014,10,HTI,True
4645,2014,8,HND,True
4648,2014,5,IND,True
4649,2014,6,IDN,True
4650,2014,12,IRN,True
4651,2014,12,IRQ,True
4655,2014,5,JAM,True
4657,2014,11,JOR,True
4658,2014,11,KAZ,True
4659,2014,8,KEN,True
4660,2014,2,KIR,True
4661,2014,8,XKX,True
4663,2014,10,KGZ,True
4664,2014,13,LAO,True
4666,2014,9,LBN,True
4667,2014,5,LSO,True
4668,2014,7,LBR,True
4673,2014,8,MDG,True
4674,2014,7,MWI,True
4675,2014,8,MYS,True
4676,2014,8,MDV,True
4677,2014,9,MLI,True
4679,2014,2,MHL,True
4680,2014,11,MRT,True
4681,2014,3,MUS,True
4682,2014,6,MEX,True
4683,2014,2,FSM,True
4684,2014,6,MDA,True
4686,2014,3,MNG,True
4687,2014,5,MNE,True
4688,2014,9,MAR,True
4689,2014,7,MOZ,True
4690,2014,12,MMR,True
4691,2014,4,NAM,True
4693,2014,7,NPL,True
4696,2014,7,NIC,True
4697,2014,7,NER,True
4698,2014,9,NGA,True
4700,2014,7,MKD,True
4703,2014,9,PAK,True
4704,2014,2,PLW,True
4705,2014,4,PAN,True
4706,2014,7,PNG,True
4707,2014,6,PRY,True
4708,2014,5,PER,True
4709,2014,6,PHL,True
4710,2014,2,POL,True
4713,2014,4,ROU,True
4715,2014,12,RWA,True
4716,2014,4,WSM,True
4719,2014,14,SAU,True
4720,2014,4,SEN,True
4721,2014,4,SRB,True
4722,2014,6,SYC,True
4723,2014,6,SLE,True
4725,2014,2,SVK,True
4727,2014,6,SLB,True
4729,2014,4,ZAF,True
4731,2014,13,SSD,True
4733,2014,10,LKA,True
4734,2014,2,KNA,True
4735,2014,2,LCA,True
4736,2014,2,VCT,True
4737,2014,14,SDN,True
4738,2014,4,SUR,True
4743,2014,12,TJK,True
4744,2014,6,TZA,True
4745,2014,11,THA,True
4746,2014,12,GMB,True
4747,2014,6,TLS,True
4748,2014,8,TGO,True
4749,2014,4,TON,True
4751,2014,4,TUN,True
4754,2014,2,TUV,True
4755,2014,11,UGA,True
4756,2014,6,UKR,True
4761,2014,14,UZB,True
4762,2014,4,VUT,True
4764,2014,12,VNM,True
4766,2014,7,ZMB,True
4767,2014,11,ZWE,True
4768,2015,12,AFG,True
4769,2015,6,ALB,True
4770,2015,11,DZA,True
4772,2015,12,AGO,True
4773,2015,4,ATG,True
4774,2015,4,ARG,True
4775,2015,9,ARM,True
4778,2015,13,AZE,True
4781,2015,8,BGD,True
4782,2015,2,BRB,True
4785,2015,3,BLZ,True
4786,2015,4,BEN,True
4787,2015,7,BTN,True
4788,2015,6,BOL,True
4789,2015,7,BIH,True
4790,2015,5,BWA,True
4791,2015,4,BRA,True
4793,2015,4,BGR,True
4794,2015,7,BFA,True
4795,2015,13,BDI,True
4796,2015,2,CPV,True
4797,2015,11,KHM,True
4798,2015,12,CMR,True
4802,2015,2,CHL,True
4803,2015,13,CHN,True
4804,2015,7,COL,True
4805,2015,7,COM,True
4806,2015,11,COD,True
4808,2015,2,CRI,True
4809,2015,8,CIV,True
4810,2015,3,HRV,True
4811,2015,13,CUB,True
4815,2015,11,DJI,True
4816,2015,2,DMA,True
4817,2015,6,DOM,True
4818,2015,6,ECU,True
4819,2015,11,EGY,True
4820,2015,5,SLV,True
4822,2015,14,ERI,True
4824,2015,12,SWZ,True
4825,2015,13,ETH,True
4826,2015,6,FJI,True
4829,2015,11,GAB,True
4830,2015,6,GEO,True
4832,2015,3,GHA,True
4834,2015,3,GRD,True
4835,2015,8,GTM,True
4836,2015,10,GIN,True
4837,2015,10,GNB,True
4838,2015,5,GUY,True
4839,2015,10,HTI,True
4840,2015,8,HND,True
4843,2015,5,IND,True
4844,2015,6,IDN,True
4845,2015,12,IRN,True
4846,2015,11,IRQ,True
4850,2015,5,JAM,True
4852,2015,11,JOR,True
4853,2015,11,KAZ,True
4854,2015,8,KEN,True
4855,2015,2,KIR,True
4856,2015,7,XKX,True
4858,2015,10,KGZ,True
4859,2015,13,LAO,True
4861,2015,9,LBN,True
4862,2015,6,LSO,True
4863,2015,7,LBR,True
4868,2015,7,MDG,True
4869,2015,6,MWI,True
4870,2015,8,MYS,True
4871,2015,9,MDV,True
4872,2015,9,MLI,True
4874,2015,2,MHL,True
4875,2015,11,MRT,True
4876,2015,3,MUS,True
4877,2015,6,MEX,True
4878,2015,2,FSM,True
4879,2015,6,MDA,True
4881,2015,3,MNG,True
4882,2015,6,MNE,True
4883,2015,9,MAR,True
4884,2015,8,MOZ,True
4885,2015,11,MMR,True
4886,2015,4,NAM,True
4888,2015,7,NPL,True
4891,2015,7,NIC,True
4892,2015,7,NER,True
4893,2015,9,NGA,True
4895,2015,7,MKD,True
4898,2015,9,PAK,True
4899,2015,2,PLW,True
4900,2015,4,PAN,True
4901,2015,7,PNG,True
4902,2015,6,PRY,True
4903,2015,5,PER,True
4904,2015,6,PHL,True
4905,2015,2,POL,True
4908,2015,4,ROU,True
4910,2015,12,RWA,True
4911,2015,4,WSM,True
4914,2015,14,SAU,True
4915,2015,4,SEN,True
4916,2015,4,SRB,True
4917,2015,6,SYC,True
4918,2015,6,SLE,True
4920,2015,2,SVK,True
4922,2015,6,SLB,True
4924,2015,4,ZAF,True
4926,2015,13,SSD,True
4928,2015,8,LKA,True
4929,2015,3,KNA,True
4930,2015,2,LCA,True
4931,2015,2,VCT,True
4932,2015,14,SDN,True
4933,2015,5,SUR,True
4938,2015,13,TJK,True
4939,2015,7,TZA,True
4940,2015,11,THA,True
4941,2015,13,GMB,True
4942,2015,6,TLS,True
4943,2015,8,TGO,True
4944,2015,4,TON,True
4946,2015,4,TUN,True
4949,2015,2,TUV,True
4950,2015,11,UGA,True
4951,2015,6,UKR,True
4956,2015,14,UZB,True
4957,2015,4,VUT,True
4959,2015,12,VNM,True
4961,2015,7,ZMB,True
4962,2015,10,ZWE,True
4963,2016,12,AFG,True
4964,2016,6,ALB,True
4965,2016,11,DZA,True
4967,2016,12,AGO,True
4968,2016,4,ATG,True
4969,2016,4,ARG,True
4970,2016,9,ARM,True
4973,2016,13,AZE,True
4976,2016,8,BGD,True
4977,2016,2,BRB,True
4980,2016,3,BLZ,True
4981,2016,4,BEN,True
4982,2016,7,BTN,True
4983,2016,6,BOL,True
4984,2016,8,BIH,True
4985,2016,5,BWA,True
4986,2016,4,BRA,True
4988,2016,4,BGR,True
4989,2016,7,BFA,True
4990,2016,13,BDI,True
4991,2016,2,CPV,True
4992,2016,11,KHM,True
4993,2016,12,CMR,True
4997,2016,2,CHL,True
4998,2016,13,CHN,True
4999,2016,6,COL,True
5000,2016,7,COM,True
5001,2016,12,COD,True
5003,2016,2,CRI,True
5004,2016,8,CIV,True
5005,2016,3,HRV,True
5006,2016,13,CUB,True
5010,2016,11,DJI,True
5011,2016,2,DMA,True
5012,2016,6,DOM,True
5013,2016,7,ECU,True
5014,2016,11,EGY,True
5015,2016,5,SLV,True
5017,2016,14,ERI,True
5019,2016,12,SWZ,True
5020,2016,13,ETH,True
5021,2016,7,FJI,True
5024,2016,11,GAB,True
5025,2016,6,GEO,True
5027,2016,3,GHA,True
5029,2016,3,GRD,True
5030,2016,8,GTM,True
5031,2016,10,GIN,True
5032,2016,10,GNB,True
5033,2016,5,GUY,True
5034,2016,10,HTI,True
5035,2016,8,HND,True
5038,2016,5,IND,True
5039,2016,6,IDN,True
5040,2016,12,IRN,True
5041,2016,11,IRQ,True
5045,2016,5,JAM,True
5047,2016,10,JOR,True
5048,2016,12,KAZ,True
5049,2016,8,KEN,True
5050,2016,2,KIR,True
5051,2016,7,XKX,True
5053,2016,10,KGZ,True
5054,2016,13,LAO,True
5056,2016,9,LBN,True
5057,2016,6,LSO,True
5058,2016,7,LBR,True
5063,2016,7,MDG,True
5064,2016,6,MWI,True
5065,2016,8,MYS,True
5066,2016,10,MDV,True
5067,2016,9,MLI,True
5069,2016,2,MHL,True
5070,2016,11,MRT,True
5071,2016,3,MUS,True
5072,2016,6,MEX,True
5073,2016,2,FSM,True
5074,2016,6,MDA,True
5076,2016,3,MNG,True
5077,2016,6,MNE,True
5078,2016,9,MAR,True
5079,2016,8,MOZ,True
5080,2016,10,MMR,True
5081,2016,4,NAM,True
5083,2016,7,NPL,True
5086,2016,9,NIC,True
5087,2016,8,NER,True
5088,2016,8,NGA,True
5090,2016,7,MKD,True
5093,2016,9,PAK,True
5094,2016,2,PLW,True
5095,2016,4,PAN,True
5096,2016,6,PNG,True
5097,2016,6,PRY,True
5098,2016,5,PER,True
5099,2016,6,PHL,True
5100,2016,3,POL,True
5103,2016,4,ROU,True
5105,2016,12,RWA,True
5106,2016,4,WSM,True
5109,2016,14,SAU,True
5110,2016,4,SEN,True
5111,2016,5,SRB,True
5112,2016,6,SYC,True
5113,2016,6,SLE,True
5115,2016,2,SVK,True
5117,2016,5,SLB,True
5119,2016,4,ZAF,True
5121,2016,14,SSD,True
5123,2016,7,LKA,True
5124,2016,2,KNA,True
5125,2016,2,LCA,True
5126,2016,2,VCT,True
5127,2016,14,SDN,True
5128,2016,5,SUR,True
5133,2016,13,TJK,True
5134,2016,7,TZA,True
5135,2016,11,THA,True
5136,2016,12,GMB,True
5137,2016,6,TLS,True
5138,2016,8,TGO,True
5139,2016,4,TON,True
5141,2016,4,TUN,True
5144,2016,2,TUV,True
5145,2016,11,UGA,True
5146,2016,6,UKR,True
5151,2016,14,UZB,True
5152,2016,4,VUT,True
5154,2016,12,VNM,True
5156,2016,8,ZMB,True
5157,2016,10,ZWE,True
5158,2017,11,AFG,True
5159,2017,6,ALB,True
5160,2017,11,DZA,True
5162,2017,12,AGO,True
5163,2017,4,ATG,True
5164,2017,4,ARG,True
5165,2017,9,ARM,True
5168,2017,13,AZE,True
5171,2017,8,BGD,True
5172,2017,2,BRB,True
5175,2017,3,BLZ,True
5176,2017,4,BEN,True
5177,2017,7,BTN,True
5178,2017,6,BOL,True
5179,2017,8,BIH,True
5180,2017,5,BWA,True
5181,2017,4,BRA,True
5183,2017,4,BGR,True
5184,2017,7,BFA,True
5185,2017,13,BDI,True
5186,2017,2,CPV,True
5187,2017,11,KHM,True
5188,2017,12,CMR,True
5192,2017,2,CHL,True
5193,2017,13,CHN,True
5194,2017,6,COL,True
5195,2017,7,COM,True
5196,2017,12,COD,True
5198,2017,2,CRI,True
5199,2017,8,CIV,True
5200,2017,3,HRV,True
5201,2017,13,CUB,True
5205,2017,11,DJI,True
5206,2017,2,DMA,True
5207,2017,6,DOM,True
5208,2017,6,ECU,True
5209,2017,12,EGY,True
5210,2017,5,SLV,True
5212,2017,14,ERI,True
5214,2017,13,SWZ,True
5215,2017,13,ETH,True
5216,2017,6,FJI,True
5219,2017,12,GAB,True
5220,2017,6,GEO,True
5222,2017,3,GHA,True
5224,2017,3,GRD,True
5225,2017,8,GTM,True
5226,2017,10,GIN,True
5227,2017,10,GNB,True
5228,2017,5,GUY,True
5229,2017,10,HTI,True
5230,2017,8,HND,True
5233,2017,5,IND,True
5234,2017,6,IDN,True
5235,2017,12,IRN,True
5236,2017,11,IRQ,True
5240,2017,5,JAM,True
5242,2017,10,JOR,True
5243,2017,12,KAZ,True
5244,2017,8,KEN,True
5245,2017,2,KIR,True
5246,2017,7,XKX,True
5248,2017,10,KGZ,True
5249,2017,13,LAO,True
5251,2017,10,LBN,True
5252,2017,6,LSO,True
5253,2017,6,LBR,True
5258,2017,7,MDG,True
5259,2017,6,MWI,True
5260,2017,8,MYS,True
5261,2017,10,MDV,True
5262,2017,9,MLI,True
5264,2017,2,MHL,True
5265,2017,11,MRT,True
5266,2017,3,MUS,True
5267,2017,6,MEX,True
5268,2017,2,FSM,True
5269,2017,6,MDA,True
5271,2017,3,MNG,True
5272,2017,6,MNE,True
5273,2017,10,MAR,True
5274,2017,8,MOZ,True
5275,2017,10,MMR,True
5276,2017,4,NAM,True
5278,2017,7,NPL,True
5281,2017,9,NIC,True
5282,2017,8,NER,True
5283,2017,8,NGA,True
5285,2017,7,MKD,True
5288,2017,9,PAK,True
5289,2017,2,PLW,True
5290,2017,4,PAN,True
5291,2017,6,PNG,True
5292,2017,6,PRY,True
5293,2017,5,PER,True
5294,2017,6,PHL,True
5295,2017,3,POL,True
5298,2017,4,ROU,True
5300,2017,12,RWA,True
5301,2017,4,WSM,True
5304,2017,14,SAU,True
5305,2017,4,SEN,True
5306,2017,5,SRB,True
5307,2017,6,SYC,True
5308,2017,6,SLE,True
5310,2017,2,SVK,True
5312,2017,5,SLB,True
5314,2017,4,ZAF,True
5316,2017,14,SSD,True
5318,2017,7,LKA,True
5319,2017,2,KNA,True
5320,2017,2,LCA,True
5321,2017,2,VCT,True
5322,2017,14,SDN,True
5323,2017,4,SUR,True
5328,2017,13,TJK,True
5329,2017,8,TZA,True
5330,2017,11,THA,True
5331,2017,9,GMB,True
5332,2017,5,TLS,True
5333,2017,8,TGO,True
5334,2017,4,TON,True
5336,2017,5,TUN,True
5339,2017,2,TUV,True
5340,2017,10,UGA,True
5341,2017,6,UKR,True
5346,2017,14,UZB,True
5347,2017,4,VUT,True
5349,2017,12,VNM,True
5351,2017,8,ZMB,True
5352,2017,11,ZWE,True
5353,2018,11,AFG,True
5354,2018,6,ALB,True
5355,2018,11,DZA,True
5357,2018,11,AGO,True
5358,2018,4,ATG,True
5359,2018,4,ARG,True
5360,2018,8,ARM,True
5363,2018,13,AZE,True
5366,2018,10,BGD,True
5367,2018,2,BRB,True
5370,2018,3,BLZ,True
5371,2018,4,BEN,True
5372,2018,7,BTN,True
5373,2018,6,BOL,True
5374,2018,8,BIH,True
5375,2018,5,BWA,True
5376,2018,4,BRA,True
5378,2018,4,BGR,True
5379,2018,7,BFA,True
5380,2018,13,BDI,True
5381,2018,2,CPV,True
5382,2018,11,KHM,True
5383,2018,12,CMR,True
5387,2018,2,CHL,True
5388,2018,13,CHN,True
5389,2018,6,COL,True
5390,2018,8,COM,True
5391,2018,12,COD,True
5393,2018,2,CRI,True
5394,2018,8,CIV,True
5395,2018,3,HRV,True
5396,2018,13,CUB,True
5400,2018,11,DJI,True
5401,2018,2,DMA,True
5402,2018,6,DOM,True
5403,2018,6,ECU,True
5404,2018,12,EGY,True
5405,2018,5,SLV,True
5407,2018,14,ERI,True
5409,2018,13,SWZ,True
5410,2018,12,ETH,True
5411,2018,6,FJI,True
5414,2018,12,GAB,True
5415,2018,6,GEO,True
5417,2018,3,GHA,True
5419,2018,3,GRD,True
5420,2018,8,GTM,True
5421,2018,9,GIN,True
5422,2018,9,GNB,True
5423,2018,5,GUY,True
5424,2018,10,HTI,True
5425,2018,8,HND,True
5428,2018,5,IND,True
5429,2018,6,IDN,True
5430,2018,12,IRN,True
5431,2018,11,IRQ,True
5435,2018,4,JAM,True
5437,2018,10,JOR,True
5438,2018,12,KAZ,True
5439,2018,8,KEN,True
5440,2018,2,KIR,True
5441,2018,7,XKX,True
5443,2018,9,KGZ,True
5444,2018,13,LAO,True
5446,2018,9,LBN,True
5447,2018,6,LSO,True
5448,2018,6,LBR,True
5453,2018,7,MDG,True
5454,2018,6,MWI,True
5455,2018,8,MYS,True
5456,2018,10,MDV,True
5457,2018,8,MLI,True
5459,2018,2,MHL,True
5460,2018,11,MRT,True
5461,2018,3,MUS,True
5462,2018,6,MEX,True
5463,2018,2,FSM,True
5464,2018,7,MDA,True
5466,2018,3,MNG,True
5467,2018,7,MNE,True
5468,2018,10,MAR,True
5469,2018,8,MOZ,True
5470,2018,10,MMR,True
5471,2018,5,NAM,True
5473,2018,7,NPL,True
5476,2018,11,NIC,True
5477,2018,8,NER,True
5478,2018,8,NGA,True
5480,2018,7,MKD,True
5483,2018,10,PAK,True
5484,2018,2,PLW,True
5485,2018,3,PAN,True
5486,2018,7,PNG,True
5487,2018,6,PRY,True
5488,2018,5,PER,True
5489,2018,6,PHL,True
5490,2018,4,POL,True
5493,2018,4,ROU,True
5495,2018,12,RWA,True
5496,2018,4,WSM,True
5499,2018,14,SAU,True
5500,2018,5,SEN,True
5501,2018,6,SRB,True
5502,2018,6,SYC,True
5503,2018,6,SLE,True
5505,2018,3,SVK,True
5507,2018,4,SLB,True
5509,2018,4,ZAF,True
5511,2018,14,SSD,True
5513,2018,7,LKA,True
5514,2018,2,KNA,True
5515,2018,2,LCA,True
5516,2018,2,VCT,True
5517,2018,14,SDN,True
5518,2018,5,SUR,True
5523,2018,13,TJK,True
5524,2018,9,TZA,True
5525,2018,12,THA,True
5526,2018,9,GMB,True
5527,2018,5,TLS,True
5528,2018,9,TGO,True
5529,2018,4,TON,True
5531,2018,5,TUN,True
5534,2018,2,TUV,True
5535,2018,11,UGA,True
5536,2018,7,UKR,True
5541,2018,13,UZB,True
5542,2018,4,VUT,True
5544,2018,12,VNM,True
5546,2018,8,ZMB,True
5547,2018,10,ZWE,True
5548,2019,11,AFG,True
5549,2019,6,ALB,True
5550,2019,11,DZA,True
5552,2019,11,AGO,True
5553,2019,4,ATG,True
5554,2019,4,ARG,True
5555,2019,8,ARM,True
5558,2019,13,AZE,True
5561,2019,10,BGD,True
5562,2019,2,BRB,True
5565,2019,4,BLZ,True
5566,2019,6,BEN,True
5567,2019,7,BTN,True
5568,2019,6,BOL,True
5569,2019,8,BIH,True
5570,2019,5,BWA,True
5571,2019,4,BRA,True
5573,2019,4,BGR,True
5574,2019,8,BFA,True
5575,2019,13,BDI,True
5576,2019,2,CPV,True
5577,2019,12,KHM,True
5578,2019,12,CMR,True
5582,2019,3,CHL,True
5583,2019,13,CHN,True
5584,2019,6,COL,True
5585,2019,8,COM,True
5586,2019,12,COD,True
5588,2019,2,CRI,True
5589,2019,8,CIV,True
5590,2019,3,HRV,True
5591,2019,13,CUB,True
5595,2019,12,DJI,True
5596,2019,2,DMA,True
5597,2019,6,DOM,True
5598,2019,6,ECU,True
5599,2019,12,EGY,True
5600,2019,6,SLV,True
5602,2019,14,ERI,True
5604,2019,12,SWZ,True
5605,2019,12,ETH,True
5606,2019,6,FJI,True
5609,2019,12,GAB,True
5610,2019,6,GEO,True
5612,2019,4,GHA,True
5614,2019,3,GRD,True
5615,2019,8,GTM,True
5616,2019,10,GIN,True
5617,2019,9,GNB,True
5618,2019,5,GUY,True
5619,2019,10,HTI,True
5620,2019,8,HND,True
5623,2019,5,IND,True
5624,2019,6,IDN,True
5625,2019,12,IRN,True
5626,2019,11,IRQ,True
5630,2019,4,JAM,True
5632,2019,10,JOR,True
5633,2019,12,KAZ,True
5634,2019,8,KEN,True
5635,2019,2,KIR,True
5636,2019,7,XKX,True
5638,2019,9,KGZ,True
5639,2019,13,LAO,True
5641,2019,9,LBN,True
5642,2019,6,LSO,True
5643,2019,7,LBR,True
5648,2019,6,MDG,True
5649,2019,6,MWI,True
5650,2019,8,MYS,True
5651,2019,9,MDV,True
5652,2019,10,MLI,True
5654,2019,2,MHL,True
5655,2019,10,MRT,True
5656,2019,3,MUS,True
5657,2019,6,MEX,True
5658,2019,2,FSM,True
5659,2019,7,MDA,True
5661,2019,3,MNG,True
5662,2019,7,MNE,True
5663,2019,10,MAR,True
5664,2019,9,MOZ,True
5665,2019,11,MMR,True
5666,2019,4,NAM,True
5668,2019,7,NPL,True
5671,2019,11,NIC,True
5672,2019,8,NER,True
5673,2019,9,NGA,True
5675,2019,6,MKD,True
5678,2019,10,PAK,True
5679,2019,2,PLW,True
5680,2019,3,PAN,True
5681,2019,7,PNG,True
5682,2019,6,PRY,True
5683,2019,5,PER,True
5684,2019,7,PHL,True
5685,2019,4,POL,True
5688,2019,4,ROU,True
5690,2019,12,RWA,True
5691,2019,4,WSM,True
5694,2019,14,SAU,True
5695,2019,6,SEN,True
5696,2019,7,SRB,True
5697,2019,6,SYC,True
5698,2019,6,SLE,True
5700,2019,3,SVK,True
5702,2019,4,SLB,True
5704,2019,4,ZAF,True
5706,2019,14,SSD,True
5708,2019,8,LKA,True
5709,2019,2,KNA,True
5710,2019,2,LCA,True
5711,2019,2,VCT,True
5712,2019,13,SDN,True
5713,2019,5,SUR,True
5718,2019,13,TJK,True
5719,2019,10,TZA,True
5720,2019,10,THA,True
5721,2019,8,GMB,True
5722,2019,5,TLS,True
5723,2019,9,TGO,True
5724,2019,4,TON,True
5726,2019,5,TUN,True
5729,2019,2,TUV,True
5730,2019,11,UGA,True
5731,2019,6,UKR,True
5736,2019,13,UZB,True
5737,2019,4,VUT,True
5739,2019,12,VNM,True
5741,2019,8,ZMB,True
5742,2019,10,ZWE,True
5743,2020,11,AFG,True
5744,2020,6,ALB,True
5745,2020,11,DZA,True
5747,2020,11,AGO,True
5748,2020,4,ATG,True
5749,2020,4,ARG,True
5750,2020,8,ARM,True
5753,2020,13,AZE,True
5756,2020,10,BGD,True
5757,2020,2,BRB,True
5760,2020,3,BLZ,True
5761,2020,6,BEN,True
5762,2020,6,BTN,True
5763,2020,6,BOL,True
5764,2020,8,BIH,True
5765,2020,5,BWA,True
5766,2020,5,BRA,True
5768,2020,4,BGR,True
5769,2020,8,BFA,True
5770,2020,13,BDI,True
5771,2020,2,CPV,True
5772,2020,12,KHM,True
5773,2020,12,CMR,True
5777,2020,2,CHL,True
5778,2020,13,CHN,True
5779,2020,6,COL,True
5780,2020,9,COM,True
5781,2020,12,COD,True
5783,2020,2,CRI,True
5784,2020,9,CIV,True
5785,2020,3,HRV,True
5786,2020,13,CUB,True
5790,2020,12,DJI,True
5791,2020,2,DMA,True
5792,2020,6,DOM,True
5793,2020,6,ECU,True
5794,2020,12,EGY,True
5795,2020,6,SLV,True
5797,2020,14,ERI,True
5799,2020,12,SWZ,True
5800,2020,12,ETH,True
5801,2020,6,FJI,True
5804,2020,12,GAB,True
5805,2020,7,GEO,True
5807,2020,4,GHA,True
5809,2020,3,GRD,True
5810,2020,8,GTM,True
5811,2020,10,GIN,True
5812,2020,9,GNB,True
5813,2020,5,GUY,True
5814,2020,10,HTI,True
5815,2020,9,HND,True
5818,2020,6,IND,True
5819,2020,6,IDN,True
5820,2020,12,IRN,True
5821,2020,11,IRQ,True
5825,2020,4,JAM,True
5827,2020,11,JOR,True
5828,2020,12,KAZ,True
5829,2020,8,KEN,True
5830,2020,2,KIR,True
5831,2020,8,XKX,True
5833,2020,12,KGZ,True
5834,2020,13,LAO,True
5836,2020,9,LBN,True
5837,2020,6,LSO,True
5838,2020,7,LBR,True
5843,2020,7,MDG,True
5844,2020,6,MWI,True
5845,2020,8,MYS,True
5846,2020,9,MDV,True
5847,2020,11,MLI,True
5849,2020,2,MHL,True
5850,2020,10,MRT,True
5851,2020,3,MUS,True
5852,2020,7,MEX,True
5853,2020,2,FSM,True
5854,2020,6,MDA,True
5856,2020,3,MNG,True
5857,2020,6,MNE,True
5858,2020,10,MAR,True
5859,2020,9,MOZ,True
5860,2020,11,MMR,True
5861,2020,4,NAM,True
5863,2020,7,NPL,True
5866,2020,11,NIC,True
5867,2020,8,NER,True
5868,2020,9,NGA,True
5870,2020,6,MKD,True
5873,2020,10,PAK,True
5874,2020,2,PLW,True
5875,2020,4,PAN,True
5876,2020,7,PNG,True
5877,2020,6,PRY,True
5878,2020,6,PER,True
5879,2020,7,PHL,True
5880,2020,4,POL,True
5883,2020,4,ROU,True
5885,2020,12,RWA,True
5886,2020,4,WSM,True
5889,2020,14,SAU,True
5890,2020,6,SEN,True
5891,2020,7,SRB,True
5892,2020,5,SYC,True
5893,2020,6,SLE,True
5895,2020,2,SVK,True
5897,2020,4,SLB,True
5899,2020,4,ZAF,True
5901,2020,14,SSD,True
5903,2020,8,LKA,True
5904,2020,3,KNA,True
5905,2020,2,LCA,True
5906,2020,2,VCT,True
5907,2020,13,SDN,True
5908,2020,4,SUR,True
5913,2020,13,TJK,True
5914,2020,10,TZA,True
5915,2020,12,THA,True
5916,2020,8,GMB,True
5917,2020,5,TLS,True
5918,2020,9,TGO,True
5919,2020,4,TON,True
5921,2020,5,TUN,True
5924,2020,2,TUV,True
5925,2020,11,UGA,True
5926,2020,7,UKR,True
5931,2020,13,UZB,True
5932,2020,4,VUT,True
5934,2020,13,VNM,True
5936,2020,8,ZMB,True
5937,2020,11,ZWE,True
5938,2021,13,AFG,True
5939,2021,6,ALB,True
5940,2021,11,DZA,True
5942,2021,11,AGO,True
5943,2021,4,ATG,True
5944,2021,4,ARG,True
5945,2021,8,ARM,True
5948,2021,14,AZE,True
5951,2021,10,BGD,True
5952,2021,2,BRB,True
5955,2021,3,BLZ,True
5956,2021,8,BEN,True
5957,2021,7,BTN,True
5958,2021,6,BOL,True
5959,2021,8,BIH,True
5960,2021,5,BWA,True
5961,2021,5,BRA,True
5963,2021,4,BGR,True
5964,2021,8,BFA,True
5965,2021,13,BDI,True
5966,2021,2,CPV,True
5967,2021,12,KHM,True
5968,2021,12,CMR,True
5972,2021,2,CHL,True
5973,2021,13,CHN,True
5974,2021,6,COL,True
5975,2021,9,COM,True
5976,2021,13,COD,True
5978,2021,2,CRI,True
5979,2021,8,CIV,True
5980,2021,3,HRV,True
5981,2021,13,CUB,True
5985,2021,12,DJI,True
5986,2021,2,DMA,True
5987,2021,6,DOM,True
5988,2021,5,ECU,True
5989,2021,12,EGY,True
5990,2021,7,SLV,True
5992,2021,14,ERI,True
5994,2021,13,SWZ,True
5995,2021,11,ETH,True
5996,2021,7,FJI,True
5999,2021,12,GAB,True
6000,2021,7,GEO,True
6002,2021,4,GHA,True
6004,2021,3,GRD,True
6005,2021,8,GTM,True
6006,2021,11,GIN,True
6007,2021,9,GNB,True
6008,2021,5,GUY,True
6009,2021,11,HTI,True
6010,2021,8,HND,True
6013,2021,6,IND,True
6014,2021,6,IDN,True
6015,2021,13,IRN,True
6016,2021,11,IRQ,True
6020,2021,4,JAM,True
6022,2021,11,JOR,True
6023,2021,12,KAZ,True
6024,2021,8,KEN,True
6025,2021,2,KIR,True
6026,2021,7,XKX,True
6028,2021,12,KGZ,True
6029,2021,13,LAO,True
6031,2021,9,LBN,True
6032,2021,6,LSO,True
6033,2021,7,LBR,True
6038,2021,7,MDG,True
6039,2021,6,MWI,True
6040,2021,8,MYS,True
6041,2021,9,MDV,True
6042,2021,11,MLI,True
6044,2021,2,MHL,True
6045,2021,10,MRT,True
6046,2021,3,MUS,True
6047,2021,7,MEX,True
6048,2021,2,FSM,True
6049,2021,6,MDA,True
6051,2021,3,MNG,True
6052,2021,6,MNE,True
6053,2021,10,MAR,True
6054,2021,9,MOZ,True
6055,2021,13,MMR,True
6056,2021,4,NAM,True
6058,2021,7,NPL,True
6061,2021,12,NIC,True
6062,2021,8,NER,True
6063,2021,9,NGA,True
6065,2021,6,MKD,True
6068,2021,10,PAK,True
6069,2021,2,PLW,True
6070,2021,4,PAN,True
6071,2021,7,PNG,True
6072,2021,6,PRY,True
6073,2021,5,PER,True
6074,2021,7,PHL,True
6075,2021,4,POL,True
6078,2021,4,ROU,True
6080,2021,12,RWA,True
6081,2021,4,WSM,True
6084,2021,14,SAU,True
6085,2021,6,SEN,True
6086,2021,7,SRB,True
6087,2021,4,SYC,True
6088,2021,6,SLE,True
6090,2021,2,SVK,True
6092,2021,4,SLB,True
6094,2021,4,ZAF,True
6096,2021,14,SSD,True
6098,2021,8,LKA,True
6099,2021,3,KNA,True
6100,2021,2,LCA,True
6101,2021,2,VCT,True
6102,2021,13,SDN,True
6103,2021,4,SUR,True
6108,2021,13,TJK,True
6109,2021,10,TZA,True
6110,2021,12,THA,True
6111,2021,8,GMB,True
6112,2021,5,TLS,True
6113,2021,9,TGO,True
6114,2021,4,TON,True
6116,2021,6,TUN,True
6119,2021,2,TUV,True
6120,2021,11,UGA,True
6121,2021,6,UKR,True
6126,2021,13,UZB,True
6127,2021,4,VUT,True
6129,2021,13,VNM,True
6131,2021,8,ZMB,True
6132,2021,11,ZWE,True
6133,2022,14,AFG,True
6134,2022,6,ALB,True
6135,2022,11,DZA,True
6137,2022,11,AGO,True
6138,2022,4,ATG,True
6139,2022,4,ARG,True
6140,2022,8,ARM,True
6143,2022,14,AZE,True
6146,2022,10,BGD,True
6147,2022,2,BRB,True
6150,2022,3,BLZ,True
6151,2022,8,BEN,True
6152,2022,7,BTN,True
6153,2022,6,BOL,True
6154,2022,8,BIH,True
6155,2022,5,BWA,True
6156,2022,5,BRA,True
6158,2022,4,BGR,True
6159,2022,11,BFA,True
6160,2022,13,BDI,True
6161,2022,2,CPV,True
6162,2022,12,KHM,True
6163,2022,12,CMR,True
6167,2022,2,CHL,True
6168,2022,13,CHN,True
6169,2022,5,COL,True
6170,2022,9,COM,True
6171,2022,13,COD,True
6173,2022,2,CRI,True
6174,2022,8,CIV,True
6175,2022,4,HRV,True
6176,2022,13,CUB,True
6180,2022,12,DJI,True
6181,2022,2,DMA,True
6182,2022,6,DOM,True
6183,2022,5,ECU,True
6184,2022,12,EGY,True
6185,2022,7,SLV,True
6187,2022,14,ERI,True
6189,2022,13,SWZ,True
6190,2022,12,ETH,True
6191,2022,6,FJI,True
6194,2022,12,GAB,True
6195,2022,7,GEO,True
6197,2022,4,GHA,True
6199,2022,3,GRD,True
6200,2022,8,GTM,True
6201,2022,11,GIN,True
6202,2022,9,GNB,True
6203,2022,5,GUY,True
6204,2022,11,HTI,True
6205,2022,8,HND,True
6208,2022,6,IND,True
6209,2022,6,IDN,True
6210,2022,13,IRN,True
6211,2022,11,IRQ,True
6215,2022,4,JAM,True
6217,2022,11,JOR,True
6218,2022,12,KAZ,True
6219,2022,8,KEN,True
6220,2022,2,KIR,True
6221,2022,7,XKX,True
6223,2022,12,KGZ,True
6224,2022,13,LAO,True
6226,2022,9,LBN,True
6227,2022,5,LSO,True
6228,2022,7,LBR,True
6233,2022,7,MDG,True
6234,2022,6,MWI,True
6235,2022,8,MYS,True
6236,2022,9,MDV,True
6237,2022,11,MLI,True
6239,2022,2,MHL,True
6240,2022,10,MRT,True
6241,2022,4,MUS,True
6242,2022,7,MEX,True
6243,2022,2,FSM,True
6244,2022,6,MDA,True
6246,2022,3,MNG,True
6247,2022,6,MNE,True
6248,2022,10,MAR,True
6249,2022,9,MOZ,True
6250,2022,13,MMR,True
6251,2022,4,NAM,True
6253,2022,7,NPL,True
6256,2022,13,NIC,True
6257,2022,8,NER,True
6258,2022,9,NGA,True
6260,2022,6,MKD,True
6263,2022,10,PAK,True
6264,2022,2,PLW,True
6265,2022,4,PAN,True
6266,2022,7,PNG,True
6267,2022,6,PRY,True
6268,2022,6,PER,True
6269,2022,7,PHL,True
6270,2022,4,POL,True
6273,2022,4,ROU,True
6275,2022,12,RWA,True
6276,2022,4,WSM,True
6279,2022,14,SAU,True
6280,2022,6,SEN,True
6281,2022,7,SRB,True
6282,2022,4,SYC,True
6283,2022,6,SLE,True
6285,2022,2,SVK,True
6287,2022,5,SLB,True
6289,2022,4,ZAF,True
6291,2022,14,SSD,True
6293,2022,8,LKA,True
6294,2022,3,KNA,True
6295,2022,2,LCA,True
6296,2022,2,VCT,True
6297,2022,13,SDN,True
6298,2022,4,SUR,True
6303,2022,14,TJK,True
6304,2022,10,TZA,True
6305,2022,11,THA,True
6306,2022,8,GMB,True
6307,2022,5,TLS,True
6308,2022,9,TGO,True
6309,2022,4,TON,True
6311,2022,7,TUN,True
6314,2022,2,TUV,True
6315,2022,11,UGA,True
6316,2022,8,UKR,True
6321,2022,13,UZB,True
6322,2022,4,VUT,True
6324,2022,13,VNM,True
6326,2022,8,ZMB,True
6327,2022,11,ZWE,True
6328,2023,14,AFG,True
6329,2023,6,ALB,True
6330,2023,11,DZA,True
6332,2023,11,AGO,True
6333,2023,4,ATG,True
6334,2023,4,ARG,True
6335,2023,8,ARM,True
6338,2023,14,AZE,True
6341,2023,10,BGD,True
6342,2023,2,BRB,True
6345,2023,3,BLZ,True
6346,2023,7,BEN,True
6347,2023,6,BTN,True
6348,2023,6,BOL,True
6349,2023,9,BIH,True
6350,2023,5,BWA,True
6351,2023,5,BRA,True
6353,2023,4,BGR,True
6354,2023,12,BFA,True
6355,2023,13,BDI,True
6356,2023,2,CPV,True
6357,2023,12,KHM,True
6358,2023,12,CMR,True
6362,2023,2,CHL,True
6363,2023,13,CHN,True
6364,2023,5,COL,True
6365,2023,9,COM,True
6366,2023,13,COD,True
6368,2023,2,CRI,True
6369,2023,8,CIV,True
6370,2023,4,HRV,True
6371,2023,13,CUB,True
6375,2023,12,DJI,True
6376,2023,2,DMA,True
6377,2023,6,DOM,True
6378,2023,6,ECU,True
6379,2023,12,EGY,True
6380,2023,8,SLV,True
6382,2023,14,ERI,True
6384,2023,13,SWZ,True
6385,2023,12,ETH,True
6386,2023,6,FJI,True
6389,2023,12,GAB,True
6390,2023,7,GEO,True
6392,2023,4,GHA,True
6394,2023,3,GRD,True
6395,2023,9,GTM,True
6396,2023,11,GIN,True
6397,2023,9,GNB,True
6398,2023,5,GUY,True
6399,2023,11,HTI,True
6400,2023,8,HND,True
6403,2023,6,IND,True
6404,2023,7,IDN,True
6405,2023,14,IRN,True
6406,2023,11,IRQ,True
6410,2023,4,JAM,True
6412,2023,11,JOR,True
6413,2023,12,KAZ,True
6414,2023,8,KEN,True
6415,2023,2,KIR,True
6416,2023,7,XKX,True
6418,2023,12,KGZ,True
6419,2023,13,LAO,True
6421,2023,9,LBN,True
6422,2023,5,LSO,True
6423,2023,6,LBR,True
6428,2023,7,MDG,True
6429,2023,6,MWI,True
6430,2023,8,MYS,True
6431,2023,9,MDV,True
6432,2023,11,MLI,True
6434,2023,2,MHL,True
6435,2023,10,MRT,True
6436,2023,4,MUS,True
6437,2023,7,MEX,True
6438,2023,2,FSM,True
6439,2023,6,MDA,True
6441,2023,3,MNG,True
6442,2023,6,MNE,True
6443,2023,10,MAR,True
6444,2023,9,MOZ,True
6445,2023,13,MMR,True
6446,2023,4,NAM,True
6448,2023,7,NPL,True
6451,2023,13,NIC,True
6452,2023,10,NER,True
6453,2023,9,NGA,True
6455,2023,6,MKD,True
6458,2023,10,PAK,True
6459,2023,2,PLW,True
6460,2023,4,PAN,True
6461,2023,7,PNG,True
6462,2023,6,PRY,True
6463,2023,6,PER,True
6464,2023,7,PHL,True
6465,2023,4,POL,True
6468,2023,4,ROU,True
6470,2023,12,RWA,True
6471,2023,4,WSM,True
6474,2023,14,SAU,True
6475,2023,6,SEN,True
6476,2023,7,SRB,True
6477,2023,4,SYC,True
6478,2023,6,SLE,True
6480,2023,2,SVK,True
6482,2023,5,SLB,True
6484,2023,4,ZAF,True
6486,2023,14,SSD,True
6488,2023,8,LKA,True
6489,2023,3,KNA,True
6490,2023,2,LCA,True
6491,2023,2,VCT,True
6492,2023,13,SDN,True
6493,2023,4,SUR,True
6498,2023,14,TJK,True
6499,2023,10,TZA,True
6500,2023,10,THA,True
6501,2023,8,GMB,True
6502,2023,5,TLS,True
6503,2023,9,TGO,True
6504,2023,4,TON,True
6506,2023,8,TUN,True
6509,2023,2,TUV,True
6510,2023,11,UGA,True
6511,2023,8,UKR,True
6516,2023,13,UZB,True
6517,2023,4,VUT,True
6519,2023,13,VNM,True
6521,2023,8,ZMB,True
6522,2023,11,ZWE,True
6523,2024,14,AFG,True
6524,2024,6,ALB,True
6525,2024,11,DZA,True
6527,2024,11,AGO,True
6528,2024,4,ATG,True
6529,2024,4,ARG,True
6530,2024,8,ARM,True
6533,2024,14,AZE,True
6536,2024,9,BGD,True
6537,2024,2,BRB,True
6540,2024,3,BLZ,True
6541,2024,7,BEN,True
6542,2024,5,BTN,True
6543,2024,6,BOL,True
6544,2024,8,BIH,True
6545,2024,4,BWA,True
6546,2024,5,BRA,True
6548,2024,4,BGR,True
6549,2024,12,BFA,True
6550,2024,13,BDI,True
6551,2024,2,CPV,True
6552,2024,12,KHM,True
6553,2024,12,CMR,True
6557,2024,2,CHL,True
6558,2024,13,CHN,True
6559,2024,5,COL,True
6560,2024,9,COM,True
6561,2024,13,COD,True
6563,2024,2,CRI,True
6564,2024,8,CIV,True
6565,2024,4,HRV,True
6566,2024,13,CUB,True
6570,2024,12,DJI,True
6571,2024,2,DMA,True
6572,2024,6,DOM,True
6573,2024,6,ECU,True
6574,2024,12,EGY,True
6575,2024,9,SLV,True
6577,2024,14,ERI,True
6579,2024,13,SWZ,True
6580,2024,12,ETH,True
6581,2024,6,FJI,True
6584,2024,12,GAB,True
6585,2024,8,GEO,True
6587,2024,4,GHA,True
6589,2024,3,GRD,True
6590,2024,8,GTM,True
6591,2024,11,GIN,True
6592,2024,9,GNB,True
6593,2024,4,GUY,True
6594,2024,11,HTI,True
6595,2024,8,HND,True
6598,2024,6,IND,True
6599,2024,7,IDN,True
6600,2024,14,IRN,True
6601,2024,11,IRQ,True
6605,2024,4,JAM,True
6607,2024,10,JOR,True
6608,2024,12,KAZ,True
6609,2024,8,KEN,True
6610,2024,2,KIR,True
6611,2024,7,XKX,True
6613,2024,12,KGZ,True
6614,2024,13,LAO,True
6616,2024,9,LBN,True
6617,2024,5,LSO,True
6618,2024,6,LBR,True
6623,2024,8,MDG,True
6624,2024,6,MWI,True
6625,2024,8,MYS,True
6626,2024,9,MDV,True
6627,2024,11,MLI,True
6629,2024,2,MHL,True
6630,2024,10,MRT,True
6631,2024,4,MUS,True
6632,2024,7,MEX,True
6633,2024,2,FSM,True
6634,2024,6,MDA,True
6636,2024,3,MNG,True
6637,2024,6,MNE,True
6638,2024,10,MAR,True
6639,2024,9,MOZ,True
6640,2024,14,MMR,True
6641,2024,5,NAM,True
6643,2024,7,NPL,True
6646,2024,13,NIC,True
6647,2024,12,NER,True
6648,2024,9,NGA,True
6650,2024,6,MKD,True
6653,2024,10,PAK,True
6654,2024,2,PLW,True
6655,2024,4,PAN,True
6656,2024,7,PNG,True
6657,2024,6,PRY,True
6658,2024,6,PER,True
6659,2024,7,PHL,True
6660,2024,4,POL,True
6663,2024,4,ROU,True
6665,2024,12,RWA,True
6666,2024,4,WSM,True
6669,2024,13,SAU,True
6670,2024,5,SEN,True
6671,2024,7,SRB,True
6672,2024,4,SYC,True
6673,2024,7,SLE,True
6675,2024,2,SVK,True
6677,2024,5,SLB,True
6679,2024,4,ZAF,True
6681,2024,14,SSD,True
6683,2024,7,LKA,True
6684,2024,3,KNA,True
6685,2024,2,LCA,True
6686,2024,2,VCT,True
6687,2024,14,SDN,True
6688,2024,4,SUR,True
6693,2024,14,TJK,True
6694,2024,11,TZA,True
6695,2024,11,THA,True
6696,2024,8,GMB,True
6697,2024,5,TLS,True
6698,2024,9,TGO,True
6699,2024,4,TON,True
6701,2024,10,TUN,True
6704,2024,2,TUV,True
6705,2024,11,UGA,True
6706,2024,8,UKR,True
6711,2024,13,UZB,True
6712,2024,4,VUT,True
6714,2024,13,VNM,True
6716,2024,8,ZMB,True
6717,2024,11,ZWE,True
